name,link_wiki,en,ru,ja,zh,es,fr,vi,tr,fa,ko,ar,hu,th,hi,bn,ms,ta,sw,jv
Jesus,http://www.wikidata.org/entity/Q302,6595674,1396995,487595,351595,1983084,406404,209530,414093,416333,157219,279102,143738,131467.0,177313,44144,29870,64472,16037,2736
Elvis_Presley,http://www.wikidata.org/entity/Q303,10613337,861601,449325,179110,1716076,1056019,33781,120112,156085,30100,75411,122353,41740.0,5247,3555,6616,1707,2028,2062
Galileo_Galilei,http://www.wikidata.org/entity/Q307,2202124,316258,307389,120816,1218003,358137,84736,252469,125671,62166,100173,53642,122771.0,52651,36639,6409,18517,2713,2587
Nicolas_Sarkozy,http://www.wikidata.org/entity/Q329,774913,154282,43495,28932,122967,907210,6880,25344,18658,5003,39951,17728,3618.0,1215,2053,1140,1108,1219,925
Adolf_Hitler,http://www.wikidata.org/entity/Q352,10662537,2469629,820635,548451,2889340,1281678,258982,695986,1051723,126878,808460,229329,129219.0,196657,112102,37770,43501,12588,6206
Julian_Assange,http://www.wikidata.org/entity/Q360,2860169,298869,47688,90743,295899,356683,5733,30298,28107,3759,29674,12915,1932.0,2573,2582,1025,1242,1037,1107
Bob_Dylan,http://www.wikidata.org/entity/Q392,5506008,180274,241879,71946,476596,332473,13578,34749,26922,16505,8938,22145,6268.0,2072,4320,1890,1794,1400,1349
Carl_Sagan,http://www.wikidata.org/entity/Q410,1511798,69131,39672,27084,279618,61451,4314,44540,15076,22074,14468,8941,4325.0,8121,2462,1586,1446,915,1037
Bob_Marley,http://www.wikidata.org/entity/Q409,11280616,303181,392518,44189,1359849,1484383,11067,81346,46371,14597,97140,64196,19439.0,6025,9500,4211,4804,6871,1175
Lech_Wa%C5%82%C4%99sa,http://www.wikidata.org/entity/Q444,447867,82142,28322,40328,65649,80893,3868,10312,11657,4638,7377,10626,1693.0,2181,1426,1257,1156,1126,1254
Napoleon,http://www.wikidata.org/entity/Q517,14284251,2066881,835418,705752,3173314,2339172,149052,572923,573108,92997,489215,325453,125531.0,202492,83740,11603,14820,3179,3827
Louis_Pasteur,http://www.wikidata.org/entity/Q529,857482,132857,74607,36344,638253,263055,51777,118136,71725,25863,75784,16473,29565.0,30460,13997,1990,5880,1207,1258
Victor_Hugo,http://www.wikidata.org/entity/Q535,1016589,218409,103787,86334,339432,1179678,52613,110768,118304,23358,75655,19495,4779.0,2576,3465,1527,2222,2331,1303
Angela_Merkel,http://www.wikidata.org/entity/Q567,1204548,279866,117743,80437,214458,184464,21922,76700,76201,13226,67578,26238,8973.0,6396,2891,2142,2359,1596,1171
Lionel_Messi,http://www.wikidata.org/entity/Q615,18893646,2315008,901597,685372,9274674,3156418,587569,1218835,1732907,100243,2009987,212789,255436.0,52443,156847,27280,8364,10105,4085
Nicolaus_Copernicus,http://www.wikidata.org/entity/Q619,1221834,271906,117795,98855,1085025,225138,29657,68682,48443,26894,55251,27947,2038.0,23960,15775,2308,6144,1419,1401
Cleopatra,http://www.wikidata.org/entity/Q635,61078326,2018161,348183,104529,17056299,1023735,612842,278583,153590,4203743,2205360,60661,55027.0,5143846,165465,16709,14212,3084,1182
Andr%C3%A9-Marie_Amp%C3%A8re,http://www.wikidata.org/entity/Q675,157374,38939,13845,10927,78306,71358,5099,8185,7700,3498,8983,7931,4788.0,1886,1390,762,1095,918,967
Alessandro_Volta,http://www.wikidata.org/entity/Q680,323899,40783,27799,13625,158215,86487,6998,24928,11567,5549,26146,10319,8617.0,4414,2602,1277,241,1088,981
Moli%C3%A8re,http://www.wikidata.org/entity/Q687,284231,125645,30384,25933,170757,990055,14109,38682,20707,7870,33899,24145,1682.0,1717,1650,870,1020,1111,1143
William_Shakespeare,http://www.wikidata.org/entity/Q692,5562330,535620,304245,190662,1017844,371593,81251,119172,172365,59691,314445,70344,46909.0,56331,48392,4428,12945,2225,2301
Genghis_Khan,http://www.wikidata.org/entity/Q720,4431491,788827,296403,395445,489024,341632,122050,693332,323719,95656,252290,24336,48658.0,156900,54389,9562,15989,2079,1528
Leonardo_da_Vinci,http://www.wikidata.org/entity/Q762,3941889,767081,447783,275346,1561281,733354,128089,224591,246421,108053,252374,80912,122277.0,44917,33829,6966,10894,3378,1651
George_Washington,http://www.wikidata.org/entity/Q23,8610815,324631,154749,155703,482402,249332,78138,72184,78071,32859,107666,24194,35076.0,14651,13530,3501,2920,5346,1701
Barack_Obama,http://www.wikidata.org/entity/Q76,10387893,620423,303088,231219,665671,605963,80346,142758,200574,69798,196275,41956,43397.0,30379,28230,6845,6126,6831,2811
Tim_Berners-Lee,http://www.wikidata.org/entity/Q80,1094186,80888,28267,57385,155604,113394,15694,15585,10288,9556,72209,5739,10834.0,8889,6087,3752,2271,1907,1854
Abraham_Lincoln,http://www.wikidata.org/entity/Q91,6113023,460996,331690,178906,715959,411165,79337,123213,204175,76255,143529,51792,34250.0,53341,29267,5088,25763,3648,1825
Fran%C3%A7ois_Hollande,http://www.wikidata.org/entity/Q157,452046,109383,26515,20412,78452,607672,6820,17425,24653,3552,26373,6690,4402.0,1097,1074,1226,928,987,906
George_W._Bush,http://www.wikidata.org/entity/Q207,7330512,472143,206508,138306,416187,306487,46079,119499,103995,31030,193581,35105,29743.0,6835,8515,3662,2756,2935,1605
Wolfgang_Amadeus_Mozart,http://www.wikidata.org/entity/Q254,3445141,720234,447919,194905,845692,618974,51686,161849,107157,126818,98336,87609,61337.0,3010,680,5208,2373,1975,1956
Ludwig_van_Beethoven,http://www.wikidata.org/entity/Q255,2494273,599483,582919,219435,892302,408019,85890,124035,157255,126296,158223,61679,60249.0,5253,3417,5666,3548,1533,1209
Joseph_Stalin,http://www.wikidata.org/entity/Q855,5274562,3084363,522359,285727,942553,650588,93602,263889,407213,48415,273425,129409,40157.0,28451,12438,7097,7872,2495,2032
Plato,http://www.wikidata.org/entity/Q859,2198344,460343,174706,134312,1252063,320135,38999,214709,202383,76902,218765,41791,43679.0,104497,41765,7933,15292,3585,1936
Aristotle,http://www.wikidata.org/entity/Q868,2583209,597686,273302,148502,1650107,352182,41547,240061,176280,67567,199472,39977,61264.0,125005,51772,9929,17896,3408,1779
Meryl_Streep,http://www.wikidata.org/entity/Q873,4627118,409644,234563,102841,763695,609435,9689,43285,82500,18018,36352,42225,194.0,2156,1841,1600,1118,2038,999
Charlie_Chaplin,http://www.wikidata.org/entity/Q882,4030324,536029,314328,126406,725951,845062,44530,152926,252057,26587,152459,48613,35242.0,33617,15591,3574,10652,2951,1925
J._R._R._Tolkien,http://www.wikidata.org/entity/Q892,2998931,406439,100151,60527,448110,326076,19745,70826,73470,13199,26871,39054,11095.0,2424,1508,1686,1477,1280,1416
Franz_Kafka,http://www.wikidata.org/entity/Q905,2581630,347344,188407,115974,780150,280547,26818,128465,138470,48691,86081,47578,5245.0,4224,7206,1711,1641,1203,2998
Socrates,http://www.wikidata.org/entity/Q913,2178651,374101,221260,138658,1296181,316520,38426,166802,143367,86777,215313,29585,35621.0,88042,52037,4819,19226,2439,1564
Roald_Amundsen,http://www.wikidata.org/entity/Q926,417948,201094,46035,12638,71985,46045,3669,6866,15658,8655,7313,16053,1650.0,1884,2749,1157,1155,1071,916
Isaac_Newton,http://www.wikidata.org/entity/Q935,3774082,477813,229990,225254,1735755,319015,144360,266854,180254,110504,323171,62816,161514.0,143603,87786,9043,32860,4176,1897
Albert_Einstein,http://www.wikidata.org/entity/Q937,10171920,1229927,730528,489056,2944592,1169352,218487,656894,545701,185382,602243,136126,225920.0,159187,74685,21767,31735,4422,3746
Fyodor_Dostoevsky,http://www.wikidata.org/entity/Q991,1987550,1155602,207503,85947,470401,254166,19720,232656,217952,25045,311517,32885,6884.0,3501,5580,2303,5371,1933,2021
Mahatma_Gandhi,http://www.wikidata.org/entity/Q1001,7281758,359127,357763,129546,1235744,358480,46538,115800,178887,78653,217031,33795,51577.0,1538178,41637,15886,150702,3068,1849
Charles_Darwin,http://www.wikidata.org/entity/Q1035,2008304,292973,188634,113788,1320612,275748,52197,87436,172857,59818,97912,30479,60260.0,50282,22775,4853,11866,2784,1528
Carl_Linnaeus,http://www.wikidata.org/entity/Q1043,814468,139346,72485,32815,339618,85475,8624,20481,23423,17558,37265,18091,5389.0,13949,9360,2441,8169,1834,1818
Jawaharlal_Nehru,http://www.wikidata.org/entity/Q1047,3273127,96196,46784,32902,44388,61062,7575,10015,38678,9238,42487,6430,6086.0,392037,56510,2657,118163,1566,1367
Julius_Caesar,http://www.wikidata.org/entity/Q1048,4433483,847004,284734,163831,1015318,674698,51218,209542,150569,53292,133426,100374,44717.0,45071,15794,7888,8971,3118,2562
Narendra_Modi,http://www.wikidata.org/entity/Q1058,7714072,152557,94386,98557,111350,179484,13499,38178,57868,10948,69325,5249,11314.0,943527,88794,3975,54078,1831,1721
Dante_Alighieri,http://www.wikidata.org/entity/Q1067,1249307,289390,82542,61283,578980,183145,20066,52888,47942,27310,44483,28648,7632.0,7161,4881,1951,1595,1373,1317
Bill_Clinton,http://www.wikidata.org/entity/Q1124,6824928,363309,148756,194195,410021,275106,44431,87948,145142,27604,137641,31736,17656.0,6308,6093,2864,2696,2236,1564
Indira_Gandhi,http://www.wikidata.org/entity/Q1149,3868106,177738,58418,50719,115381,93520,9704,26530,43145,6868,43454,11403,9132.0,296359,83303,2278,49103,1676,1537
John_Lennon,http://www.wikidata.org/entity/Q1203,5473691,437469,672365,148644,930039,401673,30621,63497,63839,23604,26520,49922,29533.0,2327,2741,4807,1388,1942,1595
Kofi_Annan,http://www.wikidata.org/entity/Q1254,538112,60835,22076,24755,52396,90518,7722,20769,35139,4608,46009,5460,3976.0,6547,6440,1820,1850,1836,1097
Ban_Ki-moon,http://www.wikidata.org/entity/Q1253,1043508,62989,28896,40836,34061,44115,12946,6539,25870,134930,29073,3141,4099.0,3301,6238,1475,1491,1378,995
Fr%C3%A9d%C3%A9ric_Chopin,http://www.wikidata.org/entity/Q1268,1267082,368670,327152,130872,303346,278181,20868,50129,50333,53765,28761,30162,19074.0,1491,1240,1519,1324,1284,1209
Blaise_Pascal,http://www.wikidata.org/entity/Q1290,677970,133482,109158,29810,458921,294651,18524,55262,33659,33441,41274,20711,10153.0,8440,3567,2271,2766,1278,1278
Saddam_Hussein,http://www.wikidata.org/entity/Q1316,4016467,800153,205574,159579,364373,345093,51745,449466,525895,20684,1091457,36214,22133.0,79830,44448,20853,8473,4730,2376
Osama_bin_Laden,http://www.wikidata.org/entity/Q1317,3994616,749371,281231,158231,651667,422850,55790,202804,262738,28226,555247,45522,36972.0,42166,47284,10542,5805,7461,1640
Johann_Sebastian_Bach,http://www.wikidata.org/entity/Q1339,1549378,447128,329770,181127,482961,261552,19737,62069,65688,55898,35574,50033,43306.0,2242,2381,5879,1912,2254,1829
Vladimir_Lenin,http://www.wikidata.org/entity/Q1394,2874481,2228368,272824,178788,723773,375849,139042,182231,194887,41179,137322,73862,43467.0,56685,27897,4238,12918,2532,2254
Virgil,http://www.wikidata.org/entity/Q1398,843799,172323,34680,35941,374614,98615,4479,9724,16960,58328,11775,16683,4219.0,1339,2107,1150,1439,1107,1293
Niccol%C3%B2_Machiavelli,http://www.wikidata.org/entity/Q1399,1360083,254646,80126,42887,602358,194154,11250,81717,84008,15112,113387,18505,18022.0,44525,15014,2202,4277,1868,1425
Augustus,http://www.wikidata.org/entity/Q1405,2952874,521938,163935,118363,674061,419678,26490,93103,54390,50209,102660,67787,20003.0,22921,3832,3306,3615,2333,1643
Nero,http://www.wikidata.org/entity/Q1413,2120280,297896,171146,75941,485205,229294,18165,67013,42435,25425,61140,36305,8917.0,7815,5740,2599,3420,2803,1102
Roger_Federer,http://www.wikidata.org/entity/Q1426,3676517,176006,198208,105183,574607,800445,37641,62361,56971,16209,53995,32483,13110.0,8235,3388,1739,1819,1139,1181
Corazon_Aquino,http://www.wikidata.org/entity/Q1480,502494,26994,46651,28245,28068,8692,4355,1992,5212,4768,5218,1620,5560.0,950,1883,1752,1207,1174,1173
Ferdinand_Magellan,http://www.wikidata.org/entity/Q1496,1303174,276382,122382,78373,380903,449096,35152,107857,24417,21152,67881,22011,25239.0,19755,4906,5478,3207,1467,1318
Richard_Wagner,http://www.wikidata.org/entity/Q1511,1198614,438519,173134,69682,260030,215467,6037,44102,28920,29390,20660,31259,10512.0,1569,1183,1728,1393,1377,1273
Neil_Armstrong,http://www.wikidata.org/entity/Q1615,2936024,210624,107426,85228,476686,280561,44629,152790,114616,14978,91465,37529,40810.0,215763,28851,8292,10991,2356,1879
Madonna,http://www.wikidata.org/entity/Q1744,6240257,624680,268809,140315,1559682,799752,32712,125001,121501,15740,76743,69828,17264.0,5998,4273,3567,5191,1982,1519
Louis_Armstrong,http://www.wikidata.org/entity/Q1779,1806100,192966,96383,27624,214589,204523,5009,14976,12845,12618,7443,17769,4084.0,1249,546,1285,1093,1064,968
Zinedine_Zidane,http://www.wikidata.org/entity/Q1835,3070770,568167,213309,80414,947337,1367891,87660,138509,314383,22823,474982,43488,54345.0,2933,11045,5569,1750,3193,1511
Olivier_Giroud,http://www.wikidata.org/entity/Q1911,1515388,185038,134200,43784,274117,1007973,42691,40857,76867,8256,93289,12396,20947.0,835,1866,1290,772,848,1154
Karim_Benzema,http://www.wikidata.org/entity/Q1912,3267780,531976,208412,70417,1216820,1514949,86013,290616,407522,23086,767737,39449,39952.0,4922,13158,8930,1076,3030,1438
Charles_de_Gaulle,http://www.wikidata.org/entity/Q2042,1589842,351447,174269,102691,253180,1175281,19804,50520,54391,17500,100985,24096,9638.0,1955,2823,1734,1662,1505,1418
Tom_Hanks,http://www.wikidata.org/entity/Q2263,5420823,520415,335492,130546,818725,531037,19527,108459,152295,17421,80807,74022,17695.0,2950,1982,2327,1589,1506,1562
Robin_van_Persie,http://www.wikidata.org/entity/Q2339,990829,105151,84473,27975,173657,129814,39619,85033,40266,10035,96648,8623,23728.0,1452,1037,1913,656,1335,1021
Pope_Benedict_XVI,http://www.wikidata.org/entity/Q2494,1564676,190202,70726,47922,529490,329026,32395,30660,30844,10959,32863,33528,9715.0,2152,2358,2510,2938,2037,1362
Arnold_Schwarzenegger,http://www.wikidata.org/entity/Q2685,11932306,1196465,438670,152713,1955595,1059369,34469,236897,398084,25284,206537,168962,35147.0,17583,4277,4068,4427,5236,1471
Michael_Jackson,http://www.wikidata.org/entity/Q2831,10503477,1098862,727192,484527,2359784,1077943,139248,267585,411947,81996,297511,100274,75649.0,38024,25876,9884,8708,11924,1776
Charlemagne,http://www.wikidata.org/entity/Q3044,2446605,339781,200620,94301,541535,647142,21757,73961,42826,18146,57288,41221,15182.0,6472,6393,2824,1701,1764,1891
Miley_Cyrus,http://www.wikidata.org/entity/Q4235,6586332,506809,168306,111550,1284862,551072,19088,53191,68164,13912,50885,65822,10006.0,2772,1790,2913,1183,1231,1492
Daniel_Craig,http://www.wikidata.org/entity/Q4547,3229546,367603,246724,69478,386050,333257,10005,20680,84391,8851,32727,26396,0.0,2540,1628,1099,1078,1122,1012
Sean_Connery,http://www.wikidata.org/entity/Q4573,3742806,279574,329493,68731,484697,545166,6330,30027,60307,11304,34544,40446,10866.0,1791,1994,3037,1455,1099,1421
Anne_Frank,http://www.wikidata.org/entity/Q4583,3295057,199190,227022,59056,969583,400455,19050,50191,24971,24403,30347,38411,12092.0,19025,9939,2671,3499,1054,1063
Confucius,http://www.wikidata.org/entity/Q4604,1780968,273654,230826,517208,527614,134924,143238,67613,84619,106377,65056,15547,75848.0,29764,13651,4439,4447,1662,1805
Sarah_Bernhardt,http://www.wikidata.org/entity/Q4605,350242,56733,39355,8211,36580,222733,2186,5605,10776,4185,10064,4109,1054.0,1049,716,963,1067,1157,789
Marilyn_Monroe,http://www.wikidata.org/entity/Q4616,6083961,131463,460432,147896,1032135,722083,56137,218637,476966,42255,370730,86266,40268.0,9694,5402,4789,4513,1894,1617
Corbin_Bleu,http://www.wikidata.org/entity/Q4617,642006,5854,7570,6260,56222,28976,1733,2540,3082,1370,3324,2877,862.0,827,665,657,725,890,817
Le_Corbusier,http://www.wikidata.org/entity/Q4724,499512,94494,125270,44355,153169,241184,6669,16546,22243,22252,25492,7370,4961.0,5327,1152,1803,1198,1217,939
Larry_Page,http://www.wikidata.org/entity/Q4934,1839426,71684,84517,65693,220736,126301,20018,41647,37787,10236,31552,6299,7521.0,12879,5780,3223,3234,1389,1340
Mustafa_Kemal_Atat%C3%BCrk,http://www.wikidata.org/entity/Q5152,1738004,549576,110442,63223,164258,277757,12610,2561872,211687,15154,557700,32363,8543.0,16337,21602,37217,2487,1696,1693
Huang_Xianfan,http://www.wikidata.org/entity/Q5208,3950,696,1393,5669,1147,610,1155,787,1060,531,1094,676,588.0,945,501,510,628,903,666
Hippocrates,http://www.wikidata.org/entity/Q5264,650520,204121,69009,42849,297249,109095,25856,51770,79235,17617,51967,18145,5450.0,9382,5302,1812,4170,1150,1003
Bill_Gates,http://www.wikidata.org/entity/Q5284,4662855,417964,303874,193305,698590,346447,125365,159684,188629,67504,183599,27421,37018.0,74894,44771,6883,8473,4120,1650
David_Bowie,http://www.wikidata.org/entity/Q5383,5919226,392419,345352,63609,663282,455763,8057,28535,28088,14136,12889,34422,5476.0,1833,1249,1712,1080,766,1232
Salvador_Dal%C3%AD,http://www.wikidata.org/entity/Q5577,1890122,500134,182255,79698,773342,477984,9979,132953,103069,46096,50312,57205,19485.0,3069,3348,2618,1809,1109,1124
Vincent_van_Gogh,http://www.wikidata.org/entity/Q5582,3555482,485426,467319,344479,1299052,674248,174811,233925,414169,183767,203856,81614,111239.0,14602,13014,5911,4128,1597,1792
Albrecht_D%C3%BCrer,http://www.wikidata.org/entity/Q5580,420898,148828,49197,34056,121259,93516,4166,16677,21038,13051,8862,20556,2265.0,1824,1289,1652,1240,1391,1155
Hokusai,http://www.wikidata.org/entity/Q5586,496497,60241,365300,64064,65634,107691,8319,12719,10180,32038,4143,4997,9491.0,1274,1133,2039,953,1661,1226
Frida_Kahlo,http://www.wikidata.org/entity/Q5588,3104342,349072,73882,65284,2068393,746867,7775,172258,96032,31744,44794,57690,9776.0,3063,3036,1713,1829,1300,1339
Henri_Matisse,http://www.wikidata.org/entity/Q5589,658154,95299,165984,58110,145420,193433,6107,22086,20041,31423,23531,9481,11645.0,3087,2754,2051,1596,1348,1247
Michelangelo,http://www.wikidata.org/entity/Q5592,1933757,323123,142436,144626,839603,1278806,31167,79555,106297,43555,68163,44231,58960.0,22149,9860,4147,5406,1743,1516
Pablo_Picasso,http://www.wikidata.org/entity/Q5593,3388431,460817,400562,172092,1407002,625897,57676,184775,129361,110800,145201,51759,51046.0,67211,15745,4637,4332,1827,1973
Rembrandt,http://www.wikidata.org/entity/Q5598,819454,180728,119716,80310,198401,138113,7403,34294,50903,36872,19423,21131,10982.0,3110,4833,2470,1623,1578,1726
Raphael,http://www.wikidata.org/entity/Q5597,885826,197143,84115,98161,279899,168905,12358,33511,42528,19754,24628,28762,22389.0,12166,7612,1316,1874,1723,1046
Andy_Warhol,http://www.wikidata.org/entity/Q5603,2407925,269252,136166,68267,344030,278042,7410,32658,30947,39897,10268,21008,9049.0,1856,1669,3587,1512,1466,1511
Eminem,http://www.wikidata.org/entity/Q5608,8513859,971642,242292,118451,1082329,791804,47083,160819,239267,29974,123661,100050,21443.0,5508,2135,3033,2593,2473,1149
Hans_Christian_Andersen,http://www.wikidata.org/entity/Q5673,998805,412836,157698,68655,239695,114750,51461,21003,27041,21066,13651,17590,7691.0,1690,2394,1461,1278,1185,1043
Matsuo_Bash%C5%8D,http://www.wikidata.org/entity/Q5676,139439,46520,249135,24430,19666,15067,10022,2665,3443,4533,2423,2139,1783.0,1177,1067,870,1061,763,963
Charles_Dickens,http://www.wikidata.org/entity/Q5686,2428972,263756,96169,67570,399845,161324,12500,50160,83229,21700,45367,17562,4970.0,5899,8075,1691,2362,1393,1373
Che_Guevara,http://www.wikidata.org/entity/Q5809,3610167,633449,265150,172247,1190614,542664,32150,300925,440882,20794,516606,35686,34639.0,21084,32903,8031,44077,6659,2541
Novak_Djokovic,http://www.wikidata.org/entity/Q5812,12087360,526319,348298,278275,3288588,2672150,81823,129804,64686,33037,104875,35628,22317.0,21859,5212,2637,2860,1008,1368
Mao_Zedong,http://www.wikidata.org/entity/Q5816,3286309,466307,377280,2758278,511053,318983,131665,107651,120459,65940,86980,28517,60201.0,25725,15637,5547,7772,2818,1757
Gabriel_Garc%C3%ADa_M%C3%A1rquez,http://www.wikidata.org/entity/Q5878,756848,168379,58972,53402,1852408,103904,12956,37970,74484,6789,55910,17441,2002.0,3560,6399,1545,1670,1223,1600
Johann_Wolfgang_von_Goethe,http://www.wikidata.org/entity/Q5879,955547,259307,168004,66936,278598,142778,16009,69899,87991,21065,44721,28107,4923.0,3973,6229,2675,1526,1473,1452
Marco_Polo,http://www.wikidata.org/entity/Q6101,1579218,280401,113099,87441,414109,311657,16420,75912,86096,22149,61329,27830,23229.0,31296,6308,4990,13048,1814,1197
Joe_Biden,http://www.wikidata.org/entity/Q6279,16157808,1658701,444435,471939,1098183,869570,139050,257091,340370,44012,427198,61365,47808.0,52606,37883,9137,5236,3935,2557
Hillary_Clinton,http://www.wikidata.org/entity/Q6294,2367645,184569,108601,96051,180423,127072,19385,37079,69576,17543,79430,8897,7656.0,3946,5873,1719,1888,1363,1557
Jean-Jacques_Rousseau,http://www.wikidata.org/entity/Q6527,1065958,177981,171460,90829,672817,475656,15087,98634,77939,33465,83798,29379,16971.0,67706,27688,3945,6571,1619,1430
G%C3%BCnter_Grass,http://www.wikidata.org/entity/Q6538,141488,31514,17587,10172,33487,26372,1954,6484,10146,2887,4392,6513,1307.0,1248,1503,818,1016,1360,864
Alexander_von_Humboldt,http://www.wikidata.org/entity/Q6694,325305,84746,21079,17313,355329,44906,2478,22341,6060,7124,5552,5688,2151.0,17307,2268,854,1097,1057,797
Carl_Friedrich_Gauss,http://www.wikidata.org/entity/Q6722,692014,169098,97047,73026,784779,66368,15538,70182,50244,44042,31057,12708,22559.0,6941,5898,1502,2231,1323,1034
Li_Bai,http://www.wikidata.org/entity/Q7071,179997,24329,115222,414963,17844,11842,58771,2162,4440,15133,3063,1833,10382.0,864,885,775,952,835,889
Niels_Bohr,http://www.wikidata.org/entity/Q7085,2013579,168862,84395,68945,396595,141344,15403,45550,68896,30624,44238,23431,14212.0,8700,5115,2252,2928,1733,1342
Naguib_Mahfouz,http://www.wikidata.org/entity/Q7176,157085,9606,5758,6429,26593,34625,2107,14239,19970,2025,324548,1949,1013.0,1016,5300,1511,934,1062,1256
Marie_Curie,http://www.wikidata.org/entity/Q7186,3541650,503453,261848,166752,1901086,956323,118549,204745,191572,119601,152821,50409,46463.0,40572,30256,2969,15958,1770,1632
Qin_Shi_Huang,http://www.wikidata.org/entity/Q7192,1231543,226020,959019,611130,263896,94459,316670,18008,44504,89179,29011,16369,76216.0,3054,1565,6430,1412,1128,1366
Marcel_Proust,http://www.wikidata.org/entity/Q7199,706541,108492,54467,27315,137511,292013,4990,24466,28224,9117,13415,8796,1452.0,1283,1441,861,954,1132,1247
Simone_de_Beauvoir,http://www.wikidata.org/entity/Q7197,745262,55328,48359,50398,351444,425002,5027,23796,47869,9484,38436,9448,2003.0,10349,5380,1096,1254,1172,1427
Alexander_Pushkin,http://www.wikidata.org/entity/Q7200,639254,2605985,46411,30902,73632,119046,52449,54414,35950,17225,21337,23091,2223.0,2518,2653,1083,1566,1171,1159
Elizabeth_I,http://www.wikidata.org/entity/Q7207,3961304,583654,210289,140306,728813,402225,39355,108060,102542,48970,97898,58991,44912.0,16426,11846,5360,4476,2409,1070
Joan_of_Arc,http://www.wikidata.org/entity/Q7226,2708817,501784,568551,24717,684426,815303,35336,62098,74120,40792,51730,37754,17714.0,8118,5011,2579,5859,1245,1177
Rosa_Luxemburg,http://www.wikidata.org/entity/Q7231,565284,184180,41865,29565,146806,128397,4013,28929,18409,5380,14217,8110,1832.0,1825,1685,1017,1336,1018,1031
Leo_Tolstoy,http://www.wikidata.org/entity/Q7243,1758796,1453570,130437,100792,477988,198793,30699,149225,117159,77126,70036,30699,5597.0,16036,12523,2375,8072,1337,1397
Rabindranath_Tagore,http://www.wikidata.org/entity/Q7241,2405082,71229,32108,54383,91166,40712,31106,10970,35923,4852,21815,9540,15607.0,274457,749793,2744,34914,1373,1240
Mark_Twain,http://www.wikidata.org/entity/Q7245,1977678,266961,86984,57129,239983,114813,18678,36539,43405,18715,36069,13831,6488.0,3851,5436,1682,2395,1670,1551
Alan_Turing,http://www.wikidata.org/entity/Q7251,3538249,311910,161527,160224,764496,392009,32256,62858,94401,40087,47503,25382,19754.0,5696,3604,2944,2174,1511,1615
Christopher_Columbus,http://www.wikidata.org/entity/Q7322,3500682,591104,237192,153001,2244350,726833,71349,110547,117525,70570,192955,93115,76475.0,33762,28448,4214,9664,2526,1497
Jacques_Cartier,http://www.wikidata.org/entity/Q7321,289840,15019,9993,8569,22206,218193,2683,3149,3054,2337,8472,2564,2543.0,1276,879,903,998,1035,892
Hern%C3%A1n_Cort%C3%A9s,http://www.wikidata.org/entity/Q7326,933760,117781,52869,23206,895017,152064,3489,13809,8447,8021,9984,15052,4172.0,1311,1013,1023,1112,1166,952
Yuri_Gagarin,http://www.wikidata.org/entity/Q7327,1254726,1565373,162578,13875,199584,158764,29044,135760,68253,11452,52336,32780,16529.0,35577,9748,4182,3464,2420,1239
James_Cook,http://www.wikidata.org/entity/Q7324,1333113,246876,63010,35871,86391,137560,8064,18912,16682,8350,24571,12862,13394.0,4526,2506,1667,2269,1281,1311
Ibn_Battuta,http://www.wikidata.org/entity/Q7331,668968,61503,36671,26407,37560,116495,2479,38742,32535,4636,351502,5426,2321.0,63581,36729,9707,6799,1832,1078
Vasco_da_Gama,http://www.wikidata.org/entity/Q7328,1155720,250273,104585,29200,223038,211826,43012,31649,11942,14635,47872,28126,16315.0,135034,29562,2534,14351,8885,1019
Alfred_Hitchcock,http://www.wikidata.org/entity/Q7374,1869566,180026,153143,50770,250325,337009,10190,37994,122240,8389,28012,21305,3943.0,1652,1969,2360,2113,1611,1314
Margaret_Thatcher,http://www.wikidata.org/entity/Q7416,3376649,393350,185066,116160,619085,347216,18235,64124,72845,26830,71318,36897,27631.0,5381,4722,2650,2091,1395,1208
Richard_Stallman,http://www.wikidata.org/entity/Q7439,413997,41056,22280,15501,65818,41606,2598,4925,11821,3979,5929,2969,1670.0,1989,1571,1161,1287,1188,1010
Rosalind_Franklin,http://www.wikidata.org/entity/Q7474,613156,24801,21412,16962,264030,70201,4592,21929,24028,10005,15382,3106,8960.0,1902,1334,679,1042,784,801
Ir%C3%A8ne_Joliot-Curie,http://www.wikidata.org/entity/Q7504,378155,48011,33880,18417,116897,125991,7477,9465,22055,5979,10375,7286,2923.0,1567,1986,955,1434,799,598
Leonhard_Euler,http://www.wikidata.org/entity/Q7604,772419,159524,113981,55105,723570,81838,23117,39634,25981,47696,26759,9800,12941.0,4010,3365,1412,2855,1298,1581
Napoleon_III,http://www.wikidata.org/entity/Q7721,2070593,314576,162468,94528,292233,888132,23426,88777,94649,18538,44194,48186,16829.0,8969,6198,1496,2685,1563,1283
Louis_XIV,http://www.wikidata.org/entity/Q7742,2144912,581766,179227,159062,605295,1086400,28245,53030,46918,54190,59389,59684,31093.0,15557,9217,3077,6601,1511,1553
Vladimir_Putin,http://www.wikidata.org/entity/Q7747,8737578,8537125,607349,476971,1343670,1627606,204467,437983,393970,67353,432806,143899,57105.0,65021,36068,15439,8321,6676,3278
Franklin_D._Roosevelt,http://www.wikidata.org/entity/Q8007,5422736,596934,308743,236997,782895,417525,53664,109402,137772,94650,121365,57780,10263.0,10933,7780,3105,5153,2095,1677
Avicenna,http://www.wikidata.org/entity/Q8011,788698,421117,24820,17828,114938,158707,3317,341339,725477,4710,493380,8131,5461.0,4293,45377,26359,2576,1393,1548
Augustine_of_Hippo,http://www.wikidata.org/entity/Q8018,1444491,200128,69055,65143,800136,259845,18038,36451,37264,31160,60743,28568,7986.0,4066,4269,1639,4783,5740,1303
Winston_Churchill,http://www.wikidata.org/entity/Q8016,5162154,803255,310485,210054,716350,602984,44791,181905,280054,37837,173681,72022,34023.0,17831,10930,5049,5880,1955,1839
Nelson_Mandela,http://www.wikidata.org/entity/Q8023,4327943,451198,209357,146269,1229373,776231,212578,96674,157722,104679,311661,23316,53670.0,89440,41414,9679,19996,7807,1998
Martin_Luther_King_Jr.,http://www.wikidata.org/entity/Q8027,5673321,262357,226349,139184,1018918,689678,50014,60682,85712,72194,95634,29014,24305.0,36591,11660,2324,11574,3296,1519
Alexander_the_Great,http://www.wikidata.org/entity/Q8409,6614053,1025597,351210,212867,1597230,667258,96024,460133,409062,75610,313793,112561,55777.0,153493,47846,7891,26737,4243,2022
Constantine_the_Great,http://www.wikidata.org/entity/Q8413,1673466,214649,68930,85670,397693,251130,13009,71244,47298,24332,72990,33956,10580.0,7016,3609,5183,2915,3790,1131
Otto_von_Bismarck,http://www.wikidata.org/entity/Q8442,1381505,400743,182399,84049,284354,191486,17571,79635,55102,23758,55618,31849,8375.0,70726,11820,3385,3518,1958,1390
Umar,http://www.wikidata.org/entity/Q8467,1195474,183040,11897,15360,24161,130098,3014,240584,465031,2222,995064,3793,19534.0,53334,106235,72931,29067,2307,1605
Peter_the_Great,http://www.wikidata.org/entity/Q8479,1274219,2149189,102943,88023,132863,94414,19576,54132,37645,20392,36227,31039,1054.0,5352,4304,1918,1742,1373,1188
Sun_Yat-sen,http://www.wikidata.org/entity/Q8573,897651,121029,197204,794532,52115,52237,81871,16850,16811,35160,13452,5291,41288.0,11717,4344,6625,2052,1794,1274
Saladin,http://www.wikidata.org/entity/Q8581,2579047,434094,83211,80626,225266,245778,25585,1426880,427544,17640,1361238,17000,19005.0,35321,95443,57878,4103,1316,1929
Ashoka,http://www.wikidata.org/entity/Q8589,1846043,61301,10551,53632,75474,71642,31026,6926,19476,15587,11369,9732,86798.0,535584,35718,6442,29443,2434,1169
Akbar,http://www.wikidata.org/entity/Q8597,1844248,49745,25275,18227,20840,38764,12390,21316,167712,4628,151975,1925,5888.0,339791,81724,3325,33706,1188,962
Sim%C3%B3n_Bol%C3%ADvar,http://www.wikidata.org/entity/Q8605,884987,115566,63632,34243,3143168,119173,6945,29553,47249,10191,31184,7598,5815.0,1833,2058,1300,1348,1138,1046
Kwame_Nkrumah,http://www.wikidata.org/entity/Q8620,556911,14963,18931,9344,21732,64896,2398,3571,6869,1826,16676,2754,1659.0,1874,1643,1280,1197,4186,859
Walt_Disney,http://www.wikidata.org/entity/Q8704,3695455,246513,399592,80877,577899,344373,40129,45931,93485,27912,50745,39205,16901.0,5428,4014,4268,3988,1804,1950
Archimedes,http://www.wikidata.org/entity/Q8739,1944165,249756,209928,124305,711627,252869,53760,98762,105758,62029,84925,39316,47914.0,33295,18662,2648,9720,2055,1233
Thomas_Edison,http://www.wikidata.org/entity/Q8743,2586457,364833,315436,171380,690491,267133,147899,235748,275186,47867,392233,35716,84444.0,54833,24145,11965,45105,3113,1607
Euclid,http://www.wikidata.org/entity/Q8747,774374,91266,54317,39724,305852,93552,19627,72515,39377,10349,43778,11244,16419.0,18209,10367,2538,2866,1315,1151
Michael_Faraday,http://www.wikidata.org/entity/Q8750,855853,128540,51566,45790,267686,49488,24483,40165,31433,24368,50594,11809,30464.0,16266,8932,1446,5764,3041,1286
Enrico_Fermi,http://www.wikidata.org/entity/Q8753,1299500,94146,83622,74773,154238,100994,8906,23000,38558,13021,16199,22567,3853.0,3962,1984,1272,1728,1070,1348
Henry_Ford,http://www.wikidata.org/entity/Q8768,2002115,215894,59507,36429,320814,127613,31782,51123,42212,10518,39827,19129,11205.0,9476,5216,3648,3035,1984,1578
Joseph_Fourier,http://www.wikidata.org/entity/Q8772,170741,22580,21507,20720,46044,48362,2990,6294,6596,11054,6122,2928,2486.0,1631,1090,727,906,1048,936
Johannes_Gutenberg,http://www.wikidata.org/entity/Q8958,647534,83308,48952,26530,206895,147035,8770,59350,32453,14170,44140,25451,14920.0,16434,4718,1951,3861,1545,1244
James_Prescott_Joule,http://www.wikidata.org/entity/Q8962,123160,28018,15067,3762,96235,20779,11122,5041,5580,3993,6769,8706,2432.0,2801,2306,812,1307,914,909
Johannes_Kepler,http://www.wikidata.org/entity/Q8963,590444,85161,70295,36057,276967,77755,12616,55920,22668,25877,350,20224,13163.0,8224,6437,2710,2853,1419,1313
Max_Planck,http://www.wikidata.org/entity/Q9021,505877,87264,38656,47194,156335,77297,11428,26826,39274,13276,33339,11862,6694.0,5472,3198,1566,2303,1381,1524
Al-Khwarizmi,http://www.wikidata.org/entity/Q9038,419620,135253,16443,13642,119349,88346,3372,261947,232742,11804,495535,3353,4055.0,5041,17666,12978,1872,1176,1510
James_Watt,http://www.wikidata.org/entity/Q9041,392574,53434,40709,33725,130833,55627,25728,20713,21045,12502,25039,9930,17365.0,13260,9119,1664,9282,1089,946
Gottfried_Wilhelm_Leibniz,http://www.wikidata.org/entity/Q9047,629579,133079,69886,51715,257395,110041,8877,45812,33796,25961,26540,11333,6166.0,6453,3109,1540,2343,1578,1783
Chanakya,http://www.wikidata.org/entity/Q9045,732239,8255,10288,6524,7176,2491,3490,2022,2890,1326,2837,1115,2219.0,199454,39015,853,16713,1121,1014
Noam_Chomsky,http://www.wikidata.org/entity/Q9049,2334625,113613,69311,51463,244477,160364,7743,36583,64849,18107,73479,12683,4773.0,10309,9038,2384,3274,2179,1214
Karl_Marx,http://www.wikidata.org/entity/Q9061,3046567,455969,221850,260459,1285123,364115,73857,185436,166536,61847,187812,36834,49625.0,157329,51857,8445,31409,2940,2234
Voltaire,http://www.wikidata.org/entity/Q9068,1180184,208165,58721,67158,392149,656567,16479,49069,53039,13299,62501,22106,11317.0,12740,11075,2951,3485,1688,1469
James_Clerk_Maxwell,http://www.wikidata.org/entity/Q9095,832191,89564,42902,38115,178724,48814,12120,28119,19350,16887,500,7416,8100.0,6380,8403,1228,1852,1258,1172
Dmitri_Mendeleev,http://www.wikidata.org/entity/Q9106,444512,641265,35440,27433,309797,62260,23725,24374,35945,15177,30627,16430,6564.0,10756,2100,1496,3200,1222,1043
Ernest_Rutherford,http://www.wikidata.org/entity/Q9123,660384,93970,25302,34828,293780,38768,13886,22437,38136,14314,28123,8884,9925.0,17139,6345,2718,4479,1452,1429
Ren%C3%A9_Descartes,http://www.wikidata.org/entity/Q9191,1146173,237403,133725,93576,920536,323223,19039,106765,93988,69975,144572,22089,15566.0,12893,10338,5550,2873,1876,1909
Sigmund_Freud,http://www.wikidata.org/entity/Q9215,2856845,500512,187710,167033,949102,319255,24480,171151,280354,47843,165094,40337,16689.0,33013,15162,3536,13907,1767,1751
Georg_Wilhelm_Friedrich_Hegel,http://www.wikidata.org/entity/Q9235,803675,208058,76032,82157,332074,133040,23129,62724,85235,16074,48861,13178,6132.0,15383,5699,2079,2351,1250,1383
Ibn_Khaldun,http://www.wikidata.org/entity/Q9294,386151,40149,14010,8794,38750,123628,2344,134682,61747,2823,476134,2346,3239.0,3428,16255,8966,3967,1058,1205
Immanuel_Kant,http://www.wikidata.org/entity/Q9312,1396431,542987,149572,121790,711148,227220,20434,114111,113918,55985,99938,23975,12368.0,23340,11843,4350,3180,1905,1735
John_Maynard_Keynes,http://www.wikidata.org/entity/Q9317,727546,70866,63646,52747,237975,93397,7658,28243,28936,16760,34483,7714,13905.0,19110,6236,1374,2581,1134,1399
Laozi,http://www.wikidata.org/entity/Q9333,4411751,117478,107245,257255,156461,75397,66417,25905,25177,84458,16331,11511,19244.0,10182,1887,2359,3659,1460,1131
John_Locke,http://www.wikidata.org/entity/Q9353,1180967,146690,88996,69680,508945,116089,8259,69454,61990,25208,67486,14280,35857.0,33517,12814,9387,3951,1405,1310
Friedrich_Nietzsche,http://www.wikidata.org/entity/Q9358,2495306,417495,228224,163424,837704,292069,16719,204162,271799,87638,179951,37020,7393.0,8539,5057,3126,2714,1576,1800
Jean-Paul_Sartre,http://www.wikidata.org/entity/Q9364,973237,180037,107549,83028,339050,373856,8221,66524,90921,22674,59293,15046,5301.0,5888,5531,1788,1662,1462,1568
Sima_Qian,http://www.wikidata.org/entity/Q9372,122574,34268,116716,125642,12761,9855,37906,3115,3400,12715,3108,1776,12963.0,1043,1076,1646,1223,892,903
Adam_Smith,http://www.wikidata.org/entity/Q9381,1131572,139800,77384,61460,543784,122647,23824,68532,50977,27058,57539,11527,63168.0,70527,16249,5178,11897,1441,1588
Ludwig_Wittgenstein,http://www.wikidata.org/entity/Q9391,769729,87756,101837,107912,146124,80109,5006,32909,46041,34111,19711,8678,1958.0,2823,3115,1341,1520,1145,1385
Thomas_Aquinas,http://www.wikidata.org/entity/Q9438,1250291,165665,58439,47559,684371,187160,10511,33064,26664,25183,45033,21406,10008.0,15827,4920,1974,4239,2916,1227
Queen_Victoria,http://www.wikidata.org/entity/Q9439,6902366,623864,269640,170446,850358,596270,47858,95864,160238,24504,130504,96331,42700.0,34284,17642,5533,7192,1927,1439
The_Buddha,http://www.wikidata.org/entity/Q9441,3696351,346375,457229,379703,843319,145817,355206,69791,76449,90083,141482,42960,208727.0,858642,123332,10295,85124,2001,1419
Muhammad,http://www.wikidata.org/entity/Q9458,6209243,1147240,148989,220637,807021,603059,47342,981461,684700,31804,2271405,45292,135273.0,249180,426783,23696,100858,20434,2225
Shah_Rukh_Khan,http://www.wikidata.org/entity/Q9535,8870463,248325,31289,21016,158145,181236,3321,78843,394852,3329,364339,2757,10972.0,216317,95104,32020,14394,2805,1687
Al-Ghazali,http://www.wikidata.org/entity/Q9546,428056,51122,7632,5717,18306,59842,1464,181540,157027,1418,404874,1912,2955.0,3726,23342,23164,1978,2238,1239
Tony_Blair,http://www.wikidata.org/entity/Q9545,2576628,117311,59770,53107,228720,187616,7007,40700,31377,7965,45245,22946,7601.0,2820,1921,2203,1257,1210,1231
Martin_Luther,http://www.wikidata.org/entity/Q9554,2147504,283707,122695,121785,760987,216206,33675,111574,89084,48772,95174,57019,32255.0,57125,12945,9533,10397,11968,2633
Aamir_Khan,http://www.wikidata.org/entity/Q9557,3916864,62019,20867,85653,19276,29518,8451,140062,213202,3638,102302,1591,1235.0,85074,27570,7294,4235,1263,1261
Gerald_Ford,http://www.wikidata.org/entity/Q9582,2779109,230322,67393,79784,204566,150103,21830,42301,87671,10992,52321,22554,7967.0,1416,2213,1674,2077,1535,1133
Richard_Nixon,http://www.wikidata.org/entity/Q9588,4006232,271436,151274,146332,415046,263737,53250,56060,148786,20669,90640,36662,15965.0,3044,6320,2557,2594,2255,1588
Lyndon_B._Johnson,http://www.wikidata.org/entity/Q9640,3406580,213014,100399,100300,231336,176844,32407,42207,54689,13609,42599,23961,11231.0,1767,2018,2009,1558,1519,1148
Michael_Schumacher,http://www.wikidata.org/entity/Q9671,3569460,760300,265575,140470,893791,687321,13787,137491,143062,18171,79342,112569,8299.0,5749,1415,4645,1795,959,1257
Elizabeth_II,http://www.wikidata.org/entity/Q9682,11628205,1744320,473972,441342,2421488,1411596,116118,369527,363787,63696,299015,225992,111809.0,38125,27379,15231,7483,4290,1846
John_F._Kennedy,http://www.wikidata.org/entity/Q9696,7964926,555995,468220,223786,1028442,617233,66605,201699,221020,49386,195212,84534,37117.0,10838,8742,4882,5162,2775,1986
Dwight_D._Eisenhower,http://www.wikidata.org/entity/Q9916,3730080,323838,163668,129794,328863,252848,31653,58946,138957,26558,91770,29397,16603.0,2515,3572,2263,1821,1635,1441
Ronald_Reagan,http://www.wikidata.org/entity/Q9960,5100516,486166,211241,216462,450145,302568,41526,80432,160900,29015,97214,42470,13802.0,3421,3116,2549,2460,2115,1563
Rafael_Nadal,http://www.wikidata.org/entity/Q10132,4665238,239907,203996,116156,1917321,1581612,40900,63261,41733,19274,82339,36087,13720.0,11907,3855,2889,2132,1118,1284
Pythagoras,http://www.wikidata.org/entity/Q10261,1237247,234369,123321,58935,978215,259346,48862,182809,101138,31316,110221,24338,45825.0,28823,21604,2951,5453,1659,1264
John_McCain,http://www.wikidata.org/entity/Q10390,2070670,92038,31771,24710,53060,54527,52518,6852,16266,3938,19409,5209,2116.0,1372,1163,1412,1200,1037,1299
David_Beckham,http://www.wikidata.org/entity/Q10520,14150703,651419,307648,349316,1867565,1132346,121204,167808,309121,66469,339407,136244,97542.0,39744,15276,7889,8172,2249,2141
Ryan_Giggs,http://www.wikidata.org/entity/Q10524,1082277,82550,45471,23273,89162,105682,21766,16616,56285,9451,58409,7725,17854.0,795,911,1331,746,953,1280
Kim_Jong_Il,http://www.wikidata.org/entity/Q10665,1447020,547618,333097,256619,232740,115990,38799,50939,72076,83909,111103,22137,20741.0,1846,4632,1918,1708,1094,952
Robert_Mugabe,http://www.wikidata.org/entity/Q10707,925787,89249,45702,19870,39603,105742,3945,9385,14063,18934,14338,4256,2432.0,3724,2407,1183,1112,2414,955
Tiger_Woods,http://www.wikidata.org/entity/Q10993,3919150,55415,142045,48751,139266,142595,11080,10591,17260,15098,8682,6031,19415.0,4892,1672,2528,1745,956,1080
Fidel_Castro,http://www.wikidata.org/entity/Q11256,2453383,428943,122080,103861,882215,261826,61852,103140,171565,12799,114009,32470,9858.0,8250,14752,4087,16253,2923,1297
Serena_Williams,http://www.wikidata.org/entity/Q11459,4119765,221906,70127,74929,466702,506077,18345,31733,27797,19827,40130,20819,9239.0,4005,2517,1530,1927,1028,1432
Cristiano_Ronaldo,http://www.wikidata.org/entity/Q11571,20375058,2728917,853207,387360,7273453,3734133,716243,1853815,2157973,94915,2804072,301871,364417.0,102888,84125,45776,17171,14409,4332
Harry_S._Truman,http://www.wikidata.org/entity/Q11613,3462816,352735,224665,142541,416531,236586,31212,62849,146969,25988,101455,33176,18748.0,2752,4004,2025,2815,1733,1265
Judy_Garland,http://www.wikidata.org/entity/Q11637,4606883,178038,148945,27190,325334,204133,4909,16792,23978,14892,10441,34808,5327.0,1585,1326,1368,1046,1231,1155
John_Adams,http://www.wikidata.org/entity/Q11806,2420784,82860,39319,51612,162561,65109,13412,25034,40642,8718,34919,9362,7633.0,2086,2300,1903,1896,1629,1156
James_Monroe,http://www.wikidata.org/entity/Q11815,778993,53637,18647,23796,62346,33469,5394,14592,18982,3889,16401,5225,4435.0,1834,1520,1086,2452,1137,896
Thomas_Jefferson,http://www.wikidata.org/entity/Q11812,3120097,176393,87963,90711,319557,161182,32623,41501,76185,23200,52056,14659,9760.0,4028,3535,3976,2131,1738,1542
James_Madison,http://www.wikidata.org/entity/Q11813,1353957,64170,27046,39620,87795,44927,9103,17883,28231,12606,24138,5838,4397.0,2293,1593,1167,1423,1263,1104
John_Quincy_Adams,http://www.wikidata.org/entity/Q11816,1362755,64557,20537,25241,74986,38833,6856,11639,12343,4503,15409,5423,3420.0,1326,1211,1242,1303,1314,1175
Andrew_Jackson,http://www.wikidata.org/entity/Q11817,2005018,77230,46987,50425,107703,62568,9958,17785,36769,8292,24518,7183,5047.0,2769,2087,1114,1979,1295,1117
Martin_Van_Buren,http://www.wikidata.org/entity/Q11820,1015471,47188,13796,24340,47601,34092,4604,8473,14777,3142,11419,5023,2562.0,1046,974,1057,1550,1201,1200
William_Henry_Harrison,http://www.wikidata.org/entity/Q11869,1297656,70270,20126,28511,53974,30025,7370,6673,17650,3979,14939,5174,2039.0,1140,1137,1119,1040,1303,967
John_Tyler,http://www.wikidata.org/entity/Q11881,1188264,43872,11989,25286,37886,30358,5294,8953,14745,2951,10036,4927,3310.0,1101,1086,988,1179,1352,953
James_K._Polk,http://www.wikidata.org/entity/Q11891,914406,38859,12288,21569,44511,25264,4662,10122,15506,2852,10610,4626,3145.0,994,1509,909,1445,1298,829
Zachary_Taylor,http://www.wikidata.org/entity/Q11896,976607,47115,13665,17373,47013,27222,4797,10934,16316,4169,10470,4792,2634.0,1138,1025,1017,910,1350,879
Britney_Spears,http://www.wikidata.org/entity/Q11975,6287949,495517,150758,141450,933632,474637,33934,69393,142883,15926,54948,50853,23922.0,4234,2347,4529,1593,1985,1414
Kylie_Minogue,http://www.wikidata.org/entity/Q11998,3456752,180199,91446,28311,283783,188657,4713,18999,18499,5406,8808,27483,3087.0,3124,1089,1090,1472,1350,1247
Henry_Dunant,http://www.wikidata.org/entity/Q12091,144990,18881,27167,13817,54140,61702,2652,4733,9386,4178,13921,3912,9190.0,5122,3335,5706,2586,969,891
Tutankhamun,http://www.wikidata.org/entity/Q12154,1725758,268013,207494,82108,521129,210744,17632,96450,115730,11197,184102,37793,17544.0,7666,8581,4551,3219,1225,1208
James_Buchanan,http://www.wikidata.org/entity/Q12325,1082472,50415,22402,26967,55013,28973,6038,10494,17369,4554,10001,4994,1614.0,1285,1346,1157,1385,1121,944
Pel%C3%A9,http://www.wikidata.org/entity/Q12897,2742791,614187,166847,79764,1138312,418867,84629,268156,284193,29124,281158,49545,41815.0,12880,23574,7466,3125,3215,963
Michelle_Obama,http://www.wikidata.org/entity/Q13133,2343952,142015,62439,41304,153099,158541,8630,26803,59752,8853,46552,9317,3569.0,3948,2784,1625,1678,2120,1214
Angelina_Jolie,http://www.wikidata.org/entity/Q13909,6802633,1042819,319382,167263,1146722,721689,46995,315942,383500,25218,641892,91004,56325.0,22473,16432,4255,4665,2902,2177
William_Herschel,http://www.wikidata.org/entity/Q14277,210748,34867,19042,9938,36451,21961,4321,7743,9264,5170,6718,4315,3623.0,2644,1409,873,1495,1100,900
Charles_Messier,http://www.wikidata.org/entity/Q14524,53714,6210,9310,4604,11553,10318,1222,1904,3216,1385,1714,1917,1149.0,801,626,600,573,650,734
Xi_Jinping,http://www.wikidata.org/entity/Q15031,3564281,534242,450778,4495291,399987,292196,271350,78048,102523,73431,96442,38504,62132.0,18493,10745,3653,2570,1719,1609
Hu_Jintao,http://www.wikidata.org/entity/Q15029,817121,146377,172331,1119437,81548,74777,68246,13824,27745,17097,20964,8100,14304.0,1755,1749,1144,1090,1241,983
%C3%89mile_Durkheim,http://www.wikidata.org/entity/Q15948,439636,54755,40455,32322,284880,133902,11684,40717,38834,11739,54109,6378,4773.0,55422,1734,1637,1709,969,1053
Bruce_Lee,http://www.wikidata.org/entity/Q16397,4786429,684938,541652,418908,911314,573480,141877,215212,611621,56109,214987,73094,31310.0,26536,7041,10203,10260,4558,1107
Chiang_Kai-shek,http://www.wikidata.org/entity/Q16574,1729084,233791,314774,959310,117614,105534,123375,44677,44851,51338,20419,12329,43135.0,9498,5524,2704,2113,1331,1210
Deng_Xiaoping,http://www.wikidata.org/entity/Q16977,1076816,203764,178613,887503,129704,104192,102995,14090,30799,32295,20092,10743,29144.0,2236,1852,1521,1591,1375,1761
Johan_Cruyff,http://www.wikidata.org/entity/Q17163,1418081,214656,136097,38409,529224,240352,48967,68298,128317,12440,159622,20286,30134.0,1166,2420,4528,780,1253,919
John_von_Neumann,http://www.wikidata.org/entity/Q17455,1405537,86838,328491,3753,160029,73351,18930,13259,18895,27846,12673,117633,4481.0,2465,4351,1268,1269,1194,914
Diego_Maradona,http://www.wikidata.org/entity/Q17515,2579928,407795,202241,77888,1643057,459377,61748,202572,298586,23354,319595,53786,35774.0,5735,18088,7071,2551,3216,1557
Stephen_Hawking,http://www.wikidata.org/entity/Q17714,5954674,632920,226215,283565,1512793,451171,110152,226689,324040,51804,252583,100367,25575.0,64063,24393,6628,29636,2056,1186
Li_Keqiang,http://www.wikidata.org/entity/Q18111,529189,43332,210427,2327090,23224,26710,74563,3342,11000,24207,16234,3542,12148.0,7601,1710,2179,887,915,810
Al_Gore,http://www.wikidata.org/entity/Q19673,1617406,69507,43452,40753,110049,83574,6750,16615,19116,10271,13386,8463,4023.0,1617,1712,1468,1440,1168,1073
Steve_Jobs,http://www.wikidata.org/entity/Q19837,5890874,825278,675817,303372,1206465,516290,107302,214955,269560,92881,272189,55389,87554.0,23854,16336,11626,5883,2404,2793
Lady_Gaga,http://www.wikidata.org/entity/Q19848,7986473,588169,211952,159004,1087620,701650,44560,86823,122158,41063,52487,63248,23801.0,5477,2769,3384,1989,2784,1458
Muammar_Gaddafi,http://www.wikidata.org/entity/Q19878,2907407,546383,154235,116284,345186,420528,34433,201775,204706,13751,431609,28435,15394.0,12817,23878,19336,3799,4027,1489
Moon_Jae-in,http://www.wikidata.org/entity/Q21001,415071,70408,148411,160213,34746,23749,20409,1190,16178,135212,10272,2408,6557.0,1559,1582,1573,812,888,1002
Donald_Trump,http://www.wikidata.org/entity/Q22686,58497822,1298744,551577,672892,1337359,1000066,150447,210593,470899,79507,277409,71326,43458.0,17294,14916,14679,3870,3797,2227
Lu_Xun,http://www.wikidata.org/entity/Q23114,147408,17358,164221,379338,12682,10462,33745,1353,2493,14239,2861,2507,2847.0,1282,1411,1245,903,799,908
Adele,http://www.wikidata.org/entity/Q23215,3751525,271531,83527,104916,905488,288779,25047,57447,148382,10848,148321,32289,18412.0,1058,4239,2972,928,1661,1477
Jeremy_Renner,http://www.wikidata.org/entity/Q23365,3142700,234488,172119,29941,291762,187524,5619,18336,39329,5682,15179,21238,7856.0,2015,1251,1377,1178,1060,958
Jean-Auguste-Dominique_Ingres,http://www.wikidata.org/entity/Q23380,142171,34112,32568,15795,35453,72119,2151,3880,21458,7342,4417,3682,1623.0,945,626,747,867,829,741
Ernest_Hemingway,http://www.wikidata.org/entity/Q23434,3243603,518679,185485,85433,449564,218245,23743,52141,93774,42345,49791,39840,5830.0,6368,12738,2323,2735,1855,1857
George_H._W._Bush,http://www.wikidata.org/entity/Q23505,3938455,378863,159204,123112,322462,234378,33389,81656,54734,20238,156531,28207,16818.0,3141,4088,2588,1646,2038,1278
Dmitry_Medvedev,http://www.wikidata.org/entity/Q23530,1220029,1462649,117836,75942,137394,211987,37176,32246,79427,8067,75500,20340,8992.0,3200,3285,3376,1005,1321,1051
Selena,http://www.wikidata.org/entity/Q23543,3212329,63068,12974,13055,1300077,99121,6598,26179,10621,5479,15769,10134,2493.0,1333,1060,982,747,1159,1141
Benito_Mussolini,http://www.wikidata.org/entity/Q23559,3192712,669044,295337,111760,810796,399507,23987,132624,166386,28303,135265,51371,32296.0,27522,18022,4964,8067,3287,1642
Jimmy_Carter,http://www.wikidata.org/entity/Q23685,88381785,362024,161593,181260,404603,346839,29654,65474,247498,35158,127874,39187,12036.0,6519,4964,2422,2149,1921,1504
Rowan_Atkinson,http://www.wikidata.org/entity/Q23760,3591677,306348,181612,122285,429845,387450,39255,36521,128389,8800,111423,31115,18983.0,6938,7204,10672,3147,1561,1246
Alfred_Nobel,http://www.wikidata.org/entity/Q23810,1050119,172723,126888,72348,203986,128210,36774,39772,74431,14795,90866,34096,14680.0,24478,10592,1742,4686,1650,1146
Kobe_Bryant,http://www.wikidata.org/entity/Q25369,6425291,393134,390942,433001,872722,434670,34399,134716,80364,30768,49647,48916,44043.0,5648,1517,4121,1136,1693,1039
Hermann_Hesse,http://www.wikidata.org/entity/Q25973,512292,161090,105770,49915,188987,92464,5209,20459,32324,25100,10824,10658,2747.0,2159,1546,845,1095,1122,1134
Luis_Su%C3%A1rez,http://www.wikidata.org/entity/Q26517,2910446,359221,214137,92466,1227153,437375,77156,104465,245750,13469,308795,31593,49256.0,2097,6366,2745,842,1745,928
Herodotus,http://www.wikidata.org/entity/Q26825,880414,160903,48203,28635,287549,117328,13320,59276,108881,11044,51803,14737,26000.0,24045,17460,5472,7941,1279,1148
Taylor_Swift,http://www.wikidata.org/entity/Q26876,30861322,813932,1238796,1084400,4977528,1845979,254185,111382,363483,101196,150289,89425,157925.0,11380,6834,11732,2696,2304,2072
Francisco_Franco,http://www.wikidata.org/entity/Q29179,1706775,256221,90247,72767,1079691,373271,12621,69116,60244,12160,80106,28684,8272.0,2095,3560,1695,1316,1448,1147
Mikhail_Gorbachev,http://www.wikidata.org/entity/Q30487,2277673,1509386,236654,152618,306048,264499,48081,89255,144040,19931,96054,53439,20332.0,19118,9620,2213,2021,1576,1435
Mother_Teresa,http://www.wikidata.org/entity/Q30547,2923464,334469,263036,104518,773601,220331,38437,66726,59564,52295,78160,29124,17030.0,176735,84452,5456,77742,3581,1309
Oscar_Wilde,http://www.wikidata.org/entity/Q30875,2447894,307965,135386,63746,546174,211245,11859,51871,42193,16736,25610,21986,4409.0,4448,3696,1489,1756,1271,1192
Malala_Yousafzai,http://www.wikidata.org/entity/Q32732,2167058,48924,71481,82097,582811,193453,20467,18136,33968,17998,39011,6862,25895.0,24687,13639,2423,30431,1209,1203
Leon_Trotsky,http://www.wikidata.org/entity/Q33391,1575848,1091969,140652,108562,404471,237294,14001,77886,57069,9427,42082,25451,5193.0,4942,2657,1313,1773,1413,1188
Bertrand_Russell,http://www.wikidata.org/entity/Q33760,1151382,98071,83340,97333,224779,98608,10121,40646,127321,17797,59613,8214,5253.0,11123,14228,1685,3049,1349,1522
Du_Fu,http://www.wikidata.org/entity/Q33772,84860,14366,83403,174665,7130,4673,45078,1654,1893,12270,1453,1611,3517.0,1451,664,946,806,686,840
Edmund_Hillary,http://www.wikidata.org/entity/Q33817,842926,61148,49185,18143,50992,46784,4893,12369,23495,4260,11147,19623,3341.0,22349,4396,2657,2820,1464,1202
Theodore_Roosevelt,http://www.wikidata.org/entity/Q33866,4063494,248876,152094,89534,477812,200540,24228,40292,56977,21233,43009,22091,8114.0,4370,5743,2471,2848,1942,1506
Saint_Peter,http://www.wikidata.org/entity/Q33923,1958880,253965,105350,79337,688503,237367,51376,50778,63090,42324,86177,40336,18135.0,2998,2389,12313,12491,11345,1545
Justin_Bieber,http://www.wikidata.org/entity/Q34086,5540515,310197,249844,242988,854269,415700,61648,64124,123438,33635,107564,28194,48899.0,13730,6253,6110,2519,3241,1614
Hosni_Mubarak,http://www.wikidata.org/entity/Q34105,691202,72095,28586,27345,63870,91608,4105,44047,78581,3924,375959,6169,2690.0,2354,4102,4590,1425,1211,1213
Pablo_Neruda,http://www.wikidata.org/entity/Q34189,551233,32489,12504,24128,898258,118601,2341,31936,25637,6318,14770,6404,2127.0,3952,9274,967,3064,1110,1043
Linus_Torvalds,http://www.wikidata.org/entity/Q34253,751634,101222,36261,37697,81066,54473,6663,12180,13892,7071,8854,5473,2178.0,1852,1608,2345,1150,1223,1348
Alexander_Graham_Bell,http://www.wikidata.org/entity/Q34286,1522360,79475,55082,14788,186998,128084,27513,173313,74333,9301,167520,17372,22650.0,29557,26634,10969,22157,2749,1137
Woodrow_Wilson,http://www.wikidata.org/entity/Q34296,2024194,93837,72665,67482,163435,101737,13269,26489,37816,15668,47460,16121,16294.0,16413,5747,3442,4429,1816,1141
Whitney_Houston,http://www.wikidata.org/entity/Q34389,5218975,400992,282655,128329,721074,652896,22319,45853,42478,46174,45188,111831,17212.0,2470,1436,2849,1128,2154,1430
Benazir_Bhutto,http://www.wikidata.org/entity/Q34413,1105180,48736,19512,15574,42411,52678,4163,52325,67829,1493,37818,3610,3163.0,17540,12175,2874,2245,1194,1225
Shakira,http://www.wikidata.org/entity/Q34424,4138624,360768,93843,93264,3485869,587165,19565,142604,176285,9591,158212,47646,12684.0,10793,7355,2446,1625,3576,1400
Scarlett_Johansson,http://www.wikidata.org/entity/Q34436,7909627,608631,287699,198729,1360764,590456,25250,214704,277191,27809,161213,78239,19115.0,7105,3719,4019,2337,1035,1704
Boris_Yeltsin,http://www.wikidata.org/entity/Q34453,1345091,1314827,121906,93909,174834,201639,27552,56998,76204,12809,50046,25289,9847.0,6487,2582,2512,1651,1651,1444
Hirohito,http://www.wikidata.org/entity/Q34479,2140921,360582,988616,264310,286156,145967,48143,66341,130537,43909,59277,20962,40779.0,2682,3008,6902,1397,1149,1378
Mehmed_II,http://www.wikidata.org/entity/Q34503,1274884,311147,53282,33265,200118,126049,9669,2000420,132917,10809,553263,23942,10747.0,5338,36104,57564,1565,1162,1027
Ichirou_Mizuki,http://www.wikidata.org/entity/Q34580,29972,1555,311414,15114,5305,1539,1199,923,1169,1854,1278,1073,1368.0,813,420,540,570,714,651
James_A._Garfield,http://www.wikidata.org/entity/Q34597,1271083,50060,22807,24419,67109,34711,7639,16810,22844,6596,14001,7045,3012.0,1189,1436,800,1207,1201,882
J._K._Rowling,http://www.wikidata.org/entity/Q34660,3496125,487049,231933,124512,622842,406298,85704,63491,68970,29544,65582,33208,22698.0,9796,5398,2085,3395,1486,1298
Albert_Camus,http://www.wikidata.org/entity/Q34670,1325192,186644,94847,92779,444090,679482,10621,91241,174505,43342,71282,20484,5113.0,3271,4250,1847,1860,1305,1834
Rudyard_Kipling,http://www.wikidata.org/entity/Q34743,1297991,182050,25905,16747,128595,106452,3983,10631,12080,3790,7660,10426,2197.0,31317,6958,1162,1976,1105,1208
Ulysses_S._Grant,http://www.wikidata.org/entity/Q34836,2413024,95946,48518,40594,110338,93426,8180,19324,27944,7758,22114,11454,3673.0,1299,1004,1165,1245,1372,1153
Ptolemy,http://www.wikidata.org/entity/Q34943,698498,101684,129376,45179,235372,89434,10220,52785,43522,16747,45488,11492,6575.0,12481,8759,6218,6017,1385,1311
Benjamin_Franklin,http://www.wikidata.org/entity/Q34969,4269281,374870,141474,131638,658669,344277,93662,90385,108091,110560,158236,24573,47536.0,24211,7054,4839,9013,4080,1454
Isaac_Asimov,http://www.wikidata.org/entity/Q34981,1914165,434958,109452,48237,384724,225794,4261,31946,22999,10084,12134,27889,5199.0,5262,2421,1628,1977,1518,1311
William_McKinley,http://www.wikidata.org/entity/Q35041,1439172,86413,37873,30700,94052,59211,9592,17252,29570,6587,16732,7118,4013.0,1046,1050,1373,1150,1235,1175
Agatha_Christie,http://www.wikidata.org/entity/Q35064,2764740,493676,287172,106529,406830,370314,21499,112085,85115,20924,124073,55058,14123.0,3737,4750,1199,1563,1089,1065
Wilhelm_R%C3%B6ntgen,http://www.wikidata.org/entity/Q35149,306728,93784,51524,21008,70276,30351,10253,31233,17596,11319,27616,16453,4475.0,6003,2814,2218,3364,1248,1088
Grover_Cleveland,http://www.wikidata.org/entity/Q35171,1717010,42723,24661,39585,84909,48496,8261,20337,43557,5520,16045,7464,4467.0,1216,1309,1285,1096,1424,1006
Nikita_Khrushchev,http://www.wikidata.org/entity/Q35314,1867595,1322723,142868,125126,215724,210542,19838,61699,101262,15378,75794,48457,10052.0,6303,3216,2159,1852,1846,1354
William_Howard_Taft,http://www.wikidata.org/entity/Q35648,1358824,81692,22211,29309,70119,41342,6288,13752,24085,5834,12826,7110,3009.0,1613,953,1078,1457,1231,1015
Zoroaster,http://www.wikidata.org/entity/Q35811,930494,137196,40275,19995,179211,106555,6054,124412,538498,13813,84671,14108,8556.0,12133,9373,2200,1239,1166,1078
Ho_Chi_Minh,http://www.wikidata.org/entity/Q36014,1384005,175109,134055,213101,146759,161655,1097992,26049,20741,71815,61887,12266,41368.0,11106,11663,4617,2628,1368,968
Calvin_Coolidge,http://www.wikidata.org/entity/Q36023,1632025,94290,23634,29971,74018,50205,6774,15841,25739,5670,12052,7901,3860.0,1221,1243,1104,1518,1368,1062
Muhammad_Ali,http://www.wikidata.org/entity/Q36107,6508718,727733,264283,117835,871007,659738,49622,343476,363483,26761,346805,52663,25464.0,17656,13990,18508,5615,2843,1484
Beyonc%C3%A9,http://www.wikidata.org/entity/Q36153,7681543,289050,212484,93313,675575,707034,19252,84878,75637,23026,41909,39398,2006.0,3580,1381,2240,1297,3951,1039
Mark_Zuckerberg,http://www.wikidata.org/entity/Q36215,5687703,487668,229745,186280,896697,447617,122587,175536,145318,64128,296775,74493,88532.0,56692,51330,10708,5163,2731,2588
Brigitte_Bardot,http://www.wikidata.org/entity/Q36268,1661649,340037,96528,18157,261477,1404100,5543,46925,49749,6702,28008,41826,1814.0,1521,938,1632,774,1279,1204
Thales_of_Miletus,http://www.wikidata.org/entity/Q36303,492270,109076,39953,35148,829332,134238,27717,142096,48251,27456,59436,10036,9896.0,23249,11969,1188,2870,959,1217
Hammurabi,http://www.wikidata.org/entity/Q36359,383763,110465,22751,24679,115673,38690,5220,55500,40351,8587,136858,15330,12583.0,11600,8247,3111,2783,1060,819
Hannibal,http://www.wikidata.org/entity/Q36456,2031777,288777,175520,85018,262363,286406,21742,123120,38622,18509,213265,20062,6371.0,1666,1892,2004,1236,1164,1026
Guglielmo_Marconi,http://www.wikidata.org/entity/Q36488,553803,61936,25421,17845,106753,42879,6464,61488,18882,5293,66432,8033,7056.0,13056,4949,2358,8590,1220,1192
Attila,http://www.wikidata.org/entity/Q36724,1225493,294114,62213,68727,270315,208989,16393,278414,75439,7077,25744,103414,6566.0,2733,1285,1408,3054,1294,1049
Aung_San_Suu_Kyi,http://www.wikidata.org/entity/Q36740,1691469,67974,141165,162057,58846,95754,24451,8357,36764,6140,12440,4261,39953.0,20183,11274,5440,2930,1288,1236
Robert_Pattinson,http://www.wikidata.org/entity/Q36767,3545523,404618,166761,112953,572130,301602,15459,52750,78262,11054,42930,19770,11201.0,3790,2357,1550,1155,973,1123
"William,_Prince_of_Wales",http://www.wikidata.org/entity/Q36812,5682188,689386,186166,185533,1005660,554738,29898,136228,126895,30590,164492,84056,44162.0,3719,2441,4167,1687,1124,992
Rihanna,http://www.wikidata.org/entity/Q36844,6731832,396988,119652,97188,725757,714898,27044,147935,112033,15508,85060,42336,15453.0,154753,15585,3589,5450,7017,1204
Jackie_Chan,http://www.wikidata.org/entity/Q36970,5130733,1335025,569402,463685,1316055,380731,62812,299065,287151,27724,202834,61671,56156.0,12578,4657,9671,15270,3889,1865
Jos%C3%A9_Saramago,http://www.wikidata.org/entity/Q37060,176498,22044,8316,12387,224050,30951,2141,25828,18539,3181,14856,4028,1082.0,1107,1241,703,1019,887,1022
Alexander_Fleming,http://www.wikidata.org/entity/Q37064,629898,148758,41598,30937,281467,63337,14707,33225,41395,27140,47367,9918,10914.0,9544,7631,1856,6323,1053,947
Tom_Cruise,http://www.wikidata.org/entity/Q37079,10779650,1002395,784089,400051,1718960,1097315,47072,131936,217610,50353,225875,82578,57103.0,16127,6948,5980,4626,1330,2243
Florence_Nightingale,http://www.wikidata.org/entity/Q37103,1562021,71957,310269,86628,389787,93530,13854,48489,21388,34350,22162,9227,26454.0,30742,25768,3131,9100,1530,1383
Sun_Tzu,http://www.wikidata.org/entity/Q37151,661500,72208,65682,86314,115563,68816,72658,26250,16164,9352,22141,8423,15550.0,2453,2437,4203,1049,1070,1155
Johnny_Depp,http://www.wikidata.org/entity/Q37175,6760036,1143849,423903,197210,1462166,803767,29930,239419,296546,23516,280832,101438,31659.0,10794,5692,2545,2967,1663,2047
Luiz_In%C3%A1cio_Lula_da_Silva,http://www.wikidata.org/entity/Q37181,1062265,91272,32349,41556,328159,134001,7746,19339,25774,8164,53911,5714,5199.0,2861,2132,1329,1023,994,1048
Robert_Koch,http://www.wikidata.org/entity/Q37193,249976,63580,40198,11969,95401,49937,6824,10027,26081,8929,16010,6437,2735.0,5353,3282,994,2375,1262,807
Klaus_Ebner,http://www.wikidata.org/entity/Q37370,2373,448,325,915,820,721,441,579,517,335,422,705,402.0,600,302,466,519,633,689
Francis_Bacon,http://www.wikidata.org/entity/Q37388,1362612,177235,78538,34562,475475,69108,9981,53716,37786,68724,39219,6889,11592.0,9840,7887,2600,2203,1161,1162
Nicole_Kidman,http://www.wikidata.org/entity/Q37459,5311870,555832,289343,146529,844214,460819,19197,95083,206125,25563,99278,55152,20942.0,5263,3143,2071,1828,2402,2318
Pierre_Curie,http://www.wikidata.org/entity/Q37463,401012,82930,30567,25974,168738,115724,9906,15797,26860,6652,17106,9571,4610.0,3286,4656,1634,2121,1101,1180
David_Ben-Gurion,http://www.wikidata.org/entity/Q37610,1279635,189286,47091,15367,121621,176593,7035,89121,88502,5263,160017,14122,1453.0,1668,2288,2507,1396,1225,1127
Thomas_Hobbes,http://www.wikidata.org/entity/Q37621,710458,106381,53992,38827,326279,85548,5135,46039,32961,19483,34241,6093,18601.0,11488,7619,1939,1655,1218,1331
Mila_Kunis,http://www.wikidata.org/entity/Q37628,4028693,656433,47128,17688,527986,276061,4641,46408,60817,5211,40137,60319,5659.0,2119,1225,9855,1021,849,1484
Uthman,http://www.wikidata.org/entity/Q37731,587094,84384,8961,12710,20937,77375,1871,44251,179243,1676,516143,2564,8951.0,10248,40142,34289,5553,1929,1309
T._S._Eliot,http://www.wikidata.org/entity/Q37767,1033514,41982,38903,24847,74409,30942,3334,13654,14069,9534,15817,7420,684.0,23482,8346,1012,1393,1259,983
Gregor_Mendel,http://www.wikidata.org/entity/Q37970,674886,83378,41746,16426,765126,42530,31574,43652,23414,17905,48312,12182,41909.0,47747,14966,1732,4975,1429,1227
Akihito,http://www.wikidata.org/entity/Q37979,1224483,186331,770034,167676,126890,91205,27967,32215,76842,21740,40756,14881,27768.0,1586,2106,2794,925,840,1230
Herta_M%C3%BCller,http://www.wikidata.org/entity/Q38049,56481,7344,4192,7838,19945,9086,1527,2509,8873,1973,2819,3910,788.0,966,870,543,638,781,768
Lewis_Carroll,http://www.wikidata.org/entity/Q38082,1010613,190776,98822,24921,187497,99310,4689,12883,12397,5349,7596,6638,2880.0,1910,1771,1181,1528,895,1174
Leonardo_DiCaprio,http://www.wikidata.org/entity/Q38111,8942575,1535379,629755,250835,1698880,1241413,53930,314511,282742,33002,242100,129135,47888.0,9799,6859,7479,4433,1469,2159
"Marcelo_(footballer,_born_1988)",http://www.wikidata.org/entity/Q38136,976416,188864,109935,26597,673123,206391,38106,40743,112166,6604,183691,18862,24917.0,1136,6528,3293,719,2104,1237
Helen_Keller,http://www.wikidata.org/entity/Q38203,3603955,113346,289138,194511,443043,233793,43432,30100,93385,136781,125411,17158,23331.0,56241,9732,3654,11486,1153,995
Henry_VIII,http://www.wikidata.org/entity/Q38370,4576766,526310,180137,168023,736032,542280,27326,72249,60087,30035,72572,95237,26991.0,7869,4293,3907,2726,1648,1349
William_Faulkner,http://www.wikidata.org/entity/Q38392,815208,82572,47198,30534,136678,66349,3870,13619,32738,5263,7875,6523,1641.0,1689,1646,1408,1405,1135,1111
Ruhollah_Khomeini,http://www.wikidata.org/entity/Q38823,2059652,149180,105700,82008,124596,237513,16399,162895,1042838,8087,384189,16021,11619.0,6241,8709,7126,1578,1708,1008
John_Steinbeck,http://www.wikidata.org/entity/Q39212,1086689,87023,38674,14067,71574,93944,4459,44653,31157,4638,9276,8956,1966.0,1286,1273,1095,1094,1180,1162
Richard_Feynman,http://www.wikidata.org/entity/Q39246,2216267,112628,77599,100937,234202,92128,13306,39621,42137,53921,26181,14556,7180.0,3437,3035,1318,1680,1304,1300
Ronaldinho,http://www.wikidata.org/entity/Q39444,2601228,516531,226176,80240,1551280,605529,68434,366746,397422,23391,319902,55460,53707.0,3190,11641,5442,1877,2648,1759
Pol_Pot,http://www.wikidata.org/entity/Q39464,2008846,347621,419026,332835,173302,162259,121225,39234,36505,26274,19696,17855,33114.0,2168,2497,7843,1352,1202,1213
Emma_Watson,http://www.wikidata.org/entity/Q39476,5398554,547898,662676,136535,872775,723458,54069,89432,142967,45906,91785,64596,38658.0,8215,4400,2196,2365,1016,1317
Gamal_Abdel_Nasser,http://www.wikidata.org/entity/Q39524,1086677,116299,40743,42984,120499,171727,6642,44488,152351,6292,557053,11868,3902.0,2143,7186,3866,1793,1991,967
Christiaan_Huygens,http://www.wikidata.org/entity/Q39599,248906,35813,19683,14948,57336,33592,4445,11709,7847,6180,7033,3528,3178.0,3128,1406,1162,1092,1091,1100
Antoine_Lavoisier,http://www.wikidata.org/entity/Q39607,456509,59229,60466,1517,492423,195342,11752,48212,30272,25559,29322,6347,6438.0,13380,3669,1818,5202,979,933
Ali,http://www.wikidata.org/entity/Q39619,2058619,257537,19519,33384,55436,162431,3778,413337,703011,3494,1354862,5908,12871.0,170123,31127,58971,10159,3134,1385
Nostradamus,http://www.wikidata.org/entity/Q39978,1248697,113019,134290,39495,255670,192684,10845,29438,101098,22240,29982,17836,20427.0,23958,3944,2309,4633,1033,921
Sylvester_Stallone,http://www.wikidata.org/entity/Q40026,8515249,897695,335401,153204,1732652,1006999,21999,252888,225599,15869,192126,145351,33229.0,7146,2540,4272,2075,2397,933
Will_Smith,http://www.wikidata.org/entity/Q40096,4842458,693774,252906,114355,1023688,485945,15854,37871,111109,10880,98476,39786,16375.0,5435,3592,2251,2288,2137,1157
W._B._Yeats,http://www.wikidata.org/entity/Q40213,799217,32547,33808,25455,33743,28663,2447,4660,7758,6097,6964,4473,1927.0,4188,4669,1000,1292,1411,869
Carl_Benz,http://www.wikidata.org/entity/Q40224,361876,55923,24478,18331,81067,37637,7225,28934,45601,5747,25454,9218,11007.0,2967,1190,4937,1909,1293,1046
Julia_Roberts,http://www.wikidata.org/entity/Q40523,6684252,575909,229368,101193,1253503,760938,11837,122361,113491,13559,68117,65223,16443.0,5588,1631,1692,1276,1170,1082
Jennifer_Lopez,http://www.wikidata.org/entity/Q40715,7462383,784674,222569,104175,1658624,649783,14866,191226,374762,18235,132538,79770,19641.0,4944,3085,3424,2085,3476,1131
Nicholas_II,http://www.wikidata.org/entity/Q40787,499217,1492794,254437,145486,462991,225136,34781,72387,102579,20792,82014,47935,4208.0,9784,6494,2793,2488,1575,1120
Sandra_Bullock,http://www.wikidata.org/entity/Q40791,5503615,586834,197701,107568,926053,458770,7550,79406,69569,7210,59354,95239,11426.0,1824,1363,1952,1208,1225,1262
Werner_Heisenberg,http://www.wikidata.org/entity/Q40904,2828509,265299,76755,108198,423799,233320,17414,82253,154008,29988,54376,34237,9394.0,4868,98,1225,1646,1315,1267
Nefertiti,http://www.wikidata.org/entity/Q40930,819860,283114,63051,36696,290234,129512,8723,65431,101049,8742,118307,18668,12204.0,2417,6520,1736,1113,1000,818
Harold_Pinter,http://www.wikidata.org/entity/Q41042,343261,13945,8454,7343,32265,25133,1748,5375,11735,2486,6729,3488,1189.0,1487,1266,768,1015,920,931
Kim_Il_Sung,http://www.wikidata.org/entity/Q41117,1424662,456378,325058,267880,188218,97272,48512,23214,102802,128494,18515,25363,17572.0,1803,3078,2196,1188,1248,1175
Demi_Lovato,http://www.wikidata.org/entity/Q41173,2245041,97741,28338,18722,317612,123299,6872,23205,16410,3017,21034,17903,2408.0,1354,1514,1627,1070,1064,976
Henri_Becquerel,http://www.wikidata.org/entity/Q41269,128227,36925,13055,8741,64339,51850,6435,9612,6570,4205,10615,5015,2598.0,4430,3068,1519,1433,868,1009
John_Dalton,http://www.wikidata.org/entity/Q41284,356379,31853,33729,20030,365635,26623,5459,34579,22098,11289,34568,7235,11084.0,25940,4620,1484,4844,1047,1102
Edvard_Munch,http://www.wikidata.org/entity/Q41406,711156,111571,84309,39180,172253,117451,8478,30593,40164,36418,14965,12587,12116.0,1829,1134,2527,1467,1404,1328
Michael_Jordan,http://www.wikidata.org/entity/Q41421,8818400,596842,489780,318245,1408107,661122,33427,179571,172128,40222,94755,59483,36053.0,7121,3266,1440,1806,2059,1059
David_Hilbert,http://www.wikidata.org/entity/Q41585,293553,38504,30491,27280,47857,34607,4386,12953,8685,8520,7440,4277,2110.0,1619,1412,899,1299,987,1098
Liu_Xiaobo,http://www.wikidata.org/entity/Q41617,149660,11945,34392,402041,10976,20772,4693,2174,5151,2802,2571,1286,1069.0,901,1280,787,1020,737,743
Hendrik_Lorentz,http://www.wikidata.org/entity/Q41688,141905,25696,17351,15376,28573,17369,2867,6892,6787,4130,5285,3160,1224.0,1429,1151,769,1040,958,871
Anwar_Sadat,http://www.wikidata.org/entity/Q42013,961440,82965,43840,38060,78322,131179,3602,58830,165905,5252,408732,3992,3623.0,1349,5449,6636,1264,1342,1058
J._M._G._Le_Cl%C3%A9zio,http://www.wikidata.org/entity/Q42037,45251,5834,10979,6864,18703,132624,1523,2126,4273,2081,3991,2072,883.0,1166,1015,748,886,1328,1077
Denzel_Washington,http://www.wikidata.org/entity/Q42101,5390745,499003,312672,122374,1087923,626039,12106,40430,113226,18849,111335,47041,19541.0,2422,1238,2033,1703,1346,1036
Tomas_Transtr%C3%B6mer,http://www.wikidata.org/entity/Q42122,29234,5884,2514,2896,7442,4394,1007,1540,2887,908,2161,1289,747.0,880,802,728,767,719,703
Henri_Bergson,http://www.wikidata.org/entity/Q42156,185799,34954,43827,18733,52787,120492,2964,17956,12759,5506,13760,5273,1282.0,2980,1702,1101,920,1538,911
Sully_Prudhomme,http://www.wikidata.org/entity/Q42247,33222,11020,4689,3909,13004,27177,1688,3005,4962,2295,4071,1852,1070.0,1732,1087,726,806,876,802
Mikhail_Sholokhov,http://www.wikidata.org/entity/Q42398,60554,387386,7900,6904,12625,6543,7458,13112,13414,1112,4449,6192,1129.0,1100,798,649,897,871,857
Evo_Morales,http://www.wikidata.org/entity/Q42410,282816,29525,7876,9175,320984,39464,3018,5897,11775,1885,5586,4367,1681.0,1148,998,780,845,872,653
Katy_Perry,http://www.wikidata.org/entity/Q42493,4632469,190340,130729,74691,580430,259167,27524,25971,84772,8965,36905,27991,14213.0,3358,1887,2917,1609,2157,1391
H._G._Wells,http://www.wikidata.org/entity/Q42511,1036377,153207,55781,15913,139372,76120,6605,19853,9923,4948,12069,9154,2648.0,3339,1967,1088,1742,1216,966
Ivan_Pavlov,http://www.wikidata.org/entity/Q42985,417966,277276,21151,28306,183654,42648,6176,29535,16401,21133,15496,7094,6168.0,7781,3506,1392,2907,1163,950
Ellen_Johnson_Sirleaf,http://www.wikidata.org/entity/Q43179,264291,10851,7650,11044,21615,40292,1806,3335,4542,1626,8853,1371,1198.0,1064,938,712,1463,1884,757
Clint_Eastwood,http://www.wikidata.org/entity/Q43203,8087954,550763,496011,95879,1284411,1112405,11901,114769,172133,21201,93511,77121,12825.0,4979,2341,3321,3365,1587,1571
J._M._Coetzee,http://www.wikidata.org/entity/Q43293,225847,27647,10975,8758,32742,20753,1598,3458,6146,1806,3647,2785,1625.0,1029,1035,756,1051,974,786
Malcolm_X,http://www.wikidata.org/entity/Q43303,3397368,136104,106539,26397,335330,308479,6260,106729,54330,10991,103009,13909,3105.0,2478,3618,4038,2312,1866,1073
Robert_Boyle,http://www.wikidata.org/entity/Q43393,243522,14822,18604,16905,145598,15091,2969,21480,9907,10433,12724,3118,7182.0,3616,1677,2088,1875,873,934
Keanu_Reeves,http://www.wikidata.org/entity/Q43416,8295218,1047895,567448,223127,1325863,734230,29080,190050,190707,27072,110032,88339,44097.0,4602,2744,3208,2033,1223,1258
Justin_Timberlake,http://www.wikidata.org/entity/Q43432,5176740,372948,119321,87056,543340,286753,16927,45319,45581,11238,22808,29876,11435.0,1601,1047,1323,1147,1255,1132
Benjamin_Netanyahu,http://www.wikidata.org/entity/Q43723,6802879,567038,265654,215263,542275,771692,21867,331046,561129,26462,701956,25992,22168.0,14550,18792,16122,2887,2301,1519
Andr%C3%A9s_Iniesta,http://www.wikidata.org/entity/Q43729,1777535,251872,398664,53815,816968,403727,48683,56403,180168,12312,299924,22710,27646.0,1350,2991,2794,718,1545,1226
Yasunari_Kawabata,http://www.wikidata.org/entity/Q43736,151633,23485,483807,82368,49169,24636,11165,4156,6188,7338,4656,2353,2344.0,1330,1274,931,1117,922,923
Eddie_Murphy,http://www.wikidata.org/entity/Q43874,3541363,273059,173611,31647,406445,293210,3302,15106,33248,3064,17492,46564,3017.0,2493,971,1154,846,1176,996
Jessica_Alba,http://www.wikidata.org/entity/Q44077,2811083,288985,125054,56798,329334,285821,9425,38467,56378,8697,25666,34211,9091.0,2726,1089,4920,1437,917,1119
William_Golding,http://www.wikidata.org/entity/Q44183,278439,45738,14703,8777,38144,15394,2306,9071,5626,2242,4190,5813,1285.0,1322,475,710,932,1475,774
Saint_Nicholas,http://www.wikidata.org/entity/Q44269,1379402,464055,42158,20395,263986,130180,7457,24075,11539,9333,16017,38050,6389.0,1524,1773,1819,2170,994,1004
Jim_Morrison,http://www.wikidata.org/entity/Q44301,2558891,223835,59349,11486,465300,318238,3464,20557,16164,4619,4720,28399,3423.0,2246,1822,1254,1380,1146,1061
Valentina_Tereshkova,http://www.wikidata.org/entity/Q44371,476473,652965,29088,13406,175131,63047,6454,71364,11855,1651,28303,9202,5114.0,6554,5042,1383,1217,996,865
Cameron_Diaz,http://www.wikidata.org/entity/Q44380,4340484,412113,206357,42437,665428,370638,7597,57882,66280,5995,68555,55353,8532.0,1783,1259,1210,1096,1086,957
John_Cena,http://www.wikidata.org/entity/Q44437,6303446,391676,201029,174191,833924,448451,40710,113607,336058,17009,199442,37201,23648.0,25887,13815,3355,4413,2185,1034
Orlando_Bloom,http://www.wikidata.org/entity/Q44467,3480723,357763,223842,54337,435807,331834,10413,38992,91614,8480,28751,24805,9114.0,2013,1242,1773,893,941,1143
Francisco_Pizarro,http://www.wikidata.org/entity/Q44741,379293,40588,45030,12506,441689,77433,3325,8118,6976,4686,4754,8955,3577.0,1060,764,767,1068,929,722
Lindsay_Lohan,http://www.wikidata.org/entity/Q44903,4265639,290095,60540,76557,838818,248513,9427,34671,29134,8405,43445,37573,9897.0,1895,918,1405,1266,821,979
Selma_Lagerl%C3%B6f,http://www.wikidata.org/entity/Q44519,108070,58624,10039,8108,30662,19539,2080,8124,6320,2098,7956,8213,1278.0,2042,1511,1000,1117,1054,1054
Alex_Ferguson,http://www.wikidata.org/entity/Q44980,2527006,187198,93272,55151,322890,184853,66886,87074,160091,20551,151049,27417,44646.0,2011,6839,8530,1381,1915,1425
Kim_Dae-jung,http://www.wikidata.org/entity/Q45785,226758,22962,101989,135586,17461,11670,12047,5783,7352,192315,6670,1506,6418.0,912,1324,1091,1140,875,946
Thierry_Henry,http://www.wikidata.org/entity/Q45901,2935067,232893,141769,61270,427508,758274,82979,75735,100796,24371,174791,24079,48004.0,975,1717,2262,1088,1330,1177
Czes%C5%82aw_Mi%C5%82osz,http://www.wikidata.org/entity/Q45970,86018,14226,3289,6806,11260,10045,1245,2006,3715,1259,2173,2358,783.0,933,713,597,767,813,855
Charles_Babbage,http://www.wikidata.org/entity/Q46633,917316,47430,28269,17519,166687,53120,7226,20227,9524,6655,52355,6059,13373.0,59388,26814,4982,11949,1615,1482
Robert_Hooke,http://www.wikidata.org/entity/Q46830,473180,92573,39021,33448,389226,37558,9012,19290,41192,10003,27391,3661,8083.0,17712,5890,1741,3017,1103,1000
Aishwarya_Rai_Bachchan,http://www.wikidata.org/entity/Q47059,4508052,175540,10822,13895,70625,138027,4618,21869,52564,2050,154687,2697,5672.0,152883,54285,11247,21759,1865,1311
Warren_Buffett,http://www.wikidata.org/entity/Q47213,3844168,223905,257920,217039,326764,201586,62854,127234,90565,51449,67706,12710,29380.0,29153,9043,2056,9641,1768,1443
Elfriede_Jelinek,http://www.wikidata.org/entity/Q47243,86575,14678,6099,5533,17974,24800,1577,2688,4498,1840,2742,2691,878.0,1379,835,710,879,870,854
J._J._Thomson,http://www.wikidata.org/entity/Q47285,430210,38540,14675,1715,285283,27766,9669,16758,17698,8795,33480,6432,10258.0,21739,2445,1188,7599,1057,1135
Ars%C3%A8ne_Wenger,http://www.wikidata.org/entity/Q47576,911453,93016,71495,30002,103268,184560,27300,27313,49688,6767,62599,10421,15477.0,1194,1786,1694,828,1908,843
Paris_Hilton,http://www.wikidata.org/entity/Q47899,3902930,270267,114821,53275,421644,232935,16346,63102,43920,9740,45893,29053,9569.0,1943,60,2251,1485,1166,1227
Idi_Amin,http://www.wikidata.org/entity/Q48231,1993305,144032,77849,53421,170550,154188,6731,27927,33797,5872,54525,16002,7512.0,10052,4553,5699,5782,10055,753
Morgan_Freeman,http://www.wikidata.org/entity/Q48337,4079962,418223,251723,97808,565812,385858,11443,83539,96888,7699,73273,50198,7906.0,2232,2077,1278,1320,1394,1352
Glenn_T._Seaborg,http://www.wikidata.org/entity/Q48973,155929,9443,8919,8236,18833,4186,1791,5722,4282,2447,2672,1592,1050.0,642,702,616,825,892,814
Sheikh_Hasina,http://www.wikidata.org/entity/Q52183,1114433,23523,15890,17750,16240,23226,2570,11496,12581,1838,56909,2180,658.0,16514,365955,2009,1724,873,784
Oprah_Winfrey,http://www.wikidata.org/entity/Q55800,2840849,88453,53504,29706,258516,185668,17941,28498,53587,15695,69049,10226,6410.0,3496,1637,1572,1716,1818,982
Kim_Jong_Un,http://www.wikidata.org/entity/Q56226,3909107,1060348,661199,571084,693927,437658,141502,243945,196413,214083,320973,42020,59996.0,41552,18933,7864,4141,2711,1870
Karl_Ferdinand_Braun,http://www.wikidata.org/entity/Q57077,58608,8668,7934,5529,6413,4237,2521,2448,2769,1947,3022,1929,924.0,1671,922,895,993,784,677
Hassanal_Bolkiah,http://www.wikidata.org/entity/Q57327,1556917,100209,48457,40595,18151,120845,14717,27399,28464,8749,172146,7173,106114.0,4565,3291,214092,851,991,1493
Ali_Khamenei,http://www.wikidata.org/entity/Q57336,3055729,366500,132661,136021,222441,263878,35239,125926,2497532,9970,473055,14209,14359.0,10022,34262,6298,1687,1300,1244
Ilham_Aliyev,http://www.wikidata.org/entity/Q57371,633370,476487,23940,18292,11568,86425,3317,174245,137516,2251,62627,7432,2226.0,1286,2285,1154,724,831,916
Nicol%C3%A1s_Maduro,http://www.wikidata.org/entity/Q58132,858007,120214,29907,32801,1208271,94242,4980,36908,29853,3816,27434,5562,3203.0,1769,1795,1528,828,1044,840
Max_Born,http://www.wikidata.org/entity/Q58978,1018773,141989,23060,37111,130526,53427,8222,23810,40197,20463,23336,4437,2862.0,1816,1268,1189,2287,983,816
Gustav_Kirchhoff,http://www.wikidata.org/entity/Q60052,99925,17280,11697,9402,49436,12430,2501,3866,14576,4339,8572,2577,1772.0,1346,667,842,881,769,719
Venki_Ramakrishnan,http://www.wikidata.org/entity/Q60061,170271,3210,2916,3766,4854,2802,926,1435,2330,976,2066,952,672.0,25474,2329,794,3787,684,769
Heike_Kamerlingh_Onnes,http://www.wikidata.org/entity/Q62891,60440,6821,10048,9575,7052,4635,1752,2330,1383,3592,2162,1856,1383.0,917,724,911,751,820,832
Toni_Morrison,http://www.wikidata.org/entity/Q72334,880892,12055,15650,10605,42842,63090,2496,4845,8772,5119,4901,2547,523.0,1693,1388,851,1287,1045,994
Pierre_de_Fermat,http://www.wikidata.org/entity/Q75655,154924,29082,76589,17086,572164,42690,7836,16257,7422,12202,5382,2477,4132.0,1193,935,912,800,846,692
Samuel_Morse,http://www.wikidata.org/entity/Q75698,260138,42039,13811,9232,59197,27839,4499,33218,8874,3839,16124,6678,2576.0,3207,2029,1736,1870,1021,934
Sukarno,http://www.wikidata.org/entity/Q76127,654940,38142,186014,49825,43233,29973,10468,11048,17377,6557,32600,2883,8568.0,3687,5753,24692,1364,1069,7289
Pieter_Zeeman,http://www.wikidata.org/entity/Q79000,30417,5147,3810,5990,6284,3236,1525,2559,2904,1646,2144,1591,946.0,1103,826,614,981,803,828
Charlize_Theron,http://www.wikidata.org/entity/Q80046,4114906,582509,309642,108893,661475,435439,12209,53551,182488,16929,65815,38003,17579.0,2928,1761,2404,1374,1243,1125
Megan_Fox,http://www.wikidata.org/entity/Q80069,5074166,698083,138203,76295,981393,419143,21392,160582,146805,9579,108791,49498,31029.0,4606,1961,3111,1133,846,1019
Gabriela_Mistral,http://www.wikidata.org/entity/Q80871,92814,6919,4653,5246,507459,16688,1675,2692,3437,1319,2893,1494,859.0,1154,930,707,804,898,727
Harrison_Ford,http://www.wikidata.org/entity/Q81328,7179655,539635,544751,110684,827311,747859,10830,30485,75747,15240,28050,52276,15888.0,3435,1474,1961,1304,1181,1087
Pierce_Brosnan,http://www.wikidata.org/entity/Q81520,4113272,298442,170023,67126,481357,405730,6870,26703,39909,11393,24363,45862,15141.0,1948,962,1177,1182,1105,1287
Murasaki_Shikibu,http://www.wikidata.org/entity/Q81731,231634,16030,2968668,123200,22434,14494,5422,2869,4637,9454,2598,2220,3770.0,1082,965,953,789,795,822
Steven_Seagal,http://www.wikidata.org/entity/Q82110,3016423,469190,172501,40328,497252,250659,7579,24688,57004,10510,35705,55954,7103.0,1336,775,1155,924,918,1267
Saul_Bellow,http://www.wikidata.org/entity/Q83059,230388,10472,8639,6088,15486,12832,2164,2296,6063,1450,2447,2546,867.0,1259,985,787,940,972,854
Selena_Gomez,http://www.wikidata.org/entity/Q83287,7562335,453092,159503,109152,1342924,642650,34877,142287,303929,17990,188198,71783,15941.0,12907,6189,6691,2686,2028,1827
Louis_de_Broglie,http://www.wikidata.org/entity/Q83331,159369,13804,21093,23815,36664,57444,2467,6437,7895,6686,9470,3477,2292.0,2766,1362,863,793,870,935
James_Watson,http://www.wikidata.org/entity/Q83333,358221,44897,39981,28497,84819,27736,4451,15559,21667,13772,19428,4562,4523.0,3921,4444,1128,1351,1524,819
Robin_Williams,http://www.wikidata.org/entity/Q83338,6169628,594350,351450,111971,1056577,709559,11232,114688,108106,25519,56513,67898,9237.0,2047,2010,4347,2348,1349,1565
Mesut_%C3%96zil,http://www.wikidata.org/entity/Q83488,1385613,183533,129413,55519,376194,261727,55291,204303,122902,8903,217110,19273,32742.0,1687,11550,5757,864,1456,1148
Gary_Oldman,http://www.wikidata.org/entity/Q83492,3813010,431637,334082,51308,440044,334708,6276,25187,72567,6514,21455,29734,4752.0,1291,1202,947,971,967,874
Karl_Landsteiner,http://www.wikidata.org/entity/Q84405,96670,16281,10237,5695,20669,5700,2184,4573,5442,4451,6267,3889,1186.0,3231,3185,770,1478,949,602
Sergey_Brin,http://www.wikidata.org/entity/Q92764,1714384,250815,51176,63783,143328,73845,11133,32335,21670,8881,28888,5614,8139.0,6425,4350,1580,2287,1102,1291
